Entity,Code,Year,Solar (% electricity)
Afghanistan,AFG,2012,3.409091
Afghanistan,AFG,2013,2.7027028
Afghanistan,AFG,2014,2.586207
Afghanistan,AFG,2015,2.542373
Afghanistan,AFG,2016,3.305785
Afghanistan,AFG,2017,3.1496062
Afghanistan,AFG,2018,3.4188035
Afghanistan,AFG,2019,4.672897
Afghanistan,AFG,2020,7.5
Afghanistan,AFG,2021,9.638555
Albania,ALB,2019,0.3846154
Albania,ALB,2020,0.56497175
Algeria,DZA,2015,0.09276438
Algeria,DZA,2016,0.13481127
Algeria,DZA,2017,0.7972028
Algeria,DZA,2018,0.9014006
Algeria,DZA,2019,0.8866866
Algeria,DZA,2020,0.90734124
Algeria,DZA,2021,1.0446221
Angola,AGO,2010,0.18796992
Angola,AGO,2011,0.18083182
Angola,AGO,2012,0.16583747
Angola,AGO,2013,0.12547052
Angola,AGO,2014,0.21691974
Angola,AGO,2015,0.21482275
Angola,AGO,2016,0.19588639
Angola,AGO,2017,0.18744142
Angola,AGO,2018,0.15576324
Angola,AGO,2019,0.12987013
Angola,AGO,2020,0.12048192
Angola,AGO,2021,0.12172854
Antigua and Barbuda,ATG,2015,3.030303
Antigua and Barbuda,ATG,2016,0
Antigua and Barbuda,ATG,2017,3.030303
Antigua and Barbuda,ATG,2018,3.030303
Antigua and Barbuda,ATG,2019,2.9411764
Antigua and Barbuda,ATG,2020,6.060606
Antigua and Barbuda,ATG,2021,5.714286
Argentina,ARG,1998,0.000022920456
Argentina,ARG,1999,0.00003220024
Argentina,ARG,2012,0.0077706114
Argentina,ARG,2013,0.0075580077
Argentina,ARG,2014,0.015173356
Argentina,ARG,2015,0.007257421
Argentina,ARG,2016,0.0071612718
Argentina,ARG,2017,0.014433138
Argentina,ARG,2018,0.07868946
Argentina,ARG,2019,0.59327126
Argentina,ARG,2020,0.9589732
Argentina,ARG,2021,1.479411
Armenia,ARM,2018,0.2710027
Armenia,ARM,2019,0.8219178
Armenia,ARM,2020,1.8791947
Armenia,ARM,2021,1.2295082
Aruba,ABW,2014,1.1235955
Aruba,ABW,2015,1.0752689
Aruba,ABW,2016,1.1111112
Aruba,ABW,2017,1.0752689
Aruba,ABW,2018,1.098901
Aruba,ABW,2019,1.0869565
Aruba,ABW,2020,1.1363636
Aruba,ABW,2021,1.0752689
Australia,AUS,1991,0.003450164
Australia,AUS,1992,0.0074968794
Australia,AUS,1993,0.00882802
Australia,AUS,1994,0.010226722
Australia,AUS,1995,0.01207023
Australia,AUS,1996,0.014212195
Australia,AUS,1997,0.016218688
Australia,AUS,1998,0.017847206
Australia,AUS,1999,0.019623056
Australia,AUS,2000,0.020185709
Australia,AUS,2001,0.018891985
Australia,AUS,2002,0.02329482
Australia,AUS,2003,0.028085941
Australia,AUS,2004,0.031380285
Australia,AUS,2005,0.03708855
Australia,AUS,2006,0.040925834
Australia,AUS,2007,0.047926106
Australia,AUS,2008,0.05663254
Australia,AUS,2009,0.06816052
Australia,AUS,2010,0.16693062
Australia,AUS,2011,0.57702684
Australia,AUS,2012,0.9983717
Australia,AUS,2013,1.5131751
Australia,AUS,2014,1.6596997
Australia,AUS,2015,2.1746664
Australia,AUS,2016,2.523672
Australia,AUS,2017,3.2291625
Australia,AUS,2018,3.9659717
Australia,AUS,2019,5.9433284
Australia,AUS,2020,9.505401
Australia,AUS,2021,11.34947
Austria,AUT,2001,0.016377334
Austria,AUT,2002,0.016477179
Austria,AUT,2003,0.017223561
Austria,AUT,2004,0.032294527
Austria,AUT,2005,0.031012561
Austria,AUT,2006,0.032113038
Austria,AUT,2007,0.03179145
Austria,AUT,2008,0.046511628
Austria,AUT,2009,0.07541478
Austria,AUT,2010,0.13252833
Austria,AUT,2011,0.27304852
Austria,AUT,2012,0.4949054
Austria,AUT,2013,0.9753832
Austria,AUT,2014,1.2820513
Austria,AUT,2015,1.519806
Austria,AUT,2016,1.6858238
Austria,AUT,2017,1.8837141
Austria,AUT,2018,2.2447724
Austria,AUT,2019,2.3990967
Austria,AUT,2020,2.948403
Austria,AUT,2021,4.152353
Austria,AUT,2022,4.2201266
Azerbaijan,AZE,2016,0.16970725
Azerbaijan,AZE,2017,0.17421603
Azerbaijan,AZE,2018,0.16792612
Azerbaijan,AZE,2019,0.16260162
Azerbaijan,AZE,2020,0.20508614
Azerbaijan,AZE,2021,0.19018638
Bahrain,BHR,2014,0.03901678
Bahrain,BHR,2015,0.03732736
Bahrain,BHR,2016,0.037299518
Bahrain,BHR,2017,0.036390103
Bahrain,BHR,2018,0.03599712
Bahrain,BHR,2019,0.031806614
Bahrain,BHR,2020,0.03348962
Bahrain,BHR,2021,0.031486146
Bangladesh,BGD,2006,0.034188036
Bangladesh,BGD,2007,0.0684697
Bangladesh,BGD,2008,0.06188119
Bangladesh,BGD,2009,0.0855432
Bangladesh,BGD,2010,0.18186541
Bangladesh,BGD,2011,0.14402305
Bangladesh,BGD,2012,0.1963779
Bangladesh,BGD,2013,0.25989604
Bangladesh,BGD,2014,0.3042982
Bangladesh,BGD,2015,0.35971224
Bangladesh,BGD,2016,0.33929676
Bangladesh,BGD,2017,0.36279202
Bangladesh,BGD,2018,0.37853184
Bangladesh,BGD,2019,0.41504213
Bangladesh,BGD,2020,0.5149874
Bangladesh,BGD,2021,0.5833437
Barbados,BRB,2014,1.0309278
Barbados,BRB,2015,1.0204082
Barbados,BRB,2016,2
Barbados,BRB,2017,2.970297
Barbados,BRB,2018,3
Barbados,BRB,2019,3.9215686
Barbados,BRB,2020,7
Barbados,BRB,2021,7.476635
Belarus,BLR,2015,0.031230481
Belarus,BLR,2016,0.09505703
Belarus,BLR,2017,0.27734977
Belarus,BLR,2018,0.4908645
Belarus,BLR,2019,0.477707
Belarus,BLR,2020,0.49710026
Belarus,BLR,2021,0.41030318
Belgium,BEL,2007,0.01155268
Belgium,BEL,2008,0.048303347
Belgium,BEL,2009,0.18958403
Belgium,BEL,2010,0.6029934
Belgium,BEL,2011,1.3138685
Belgium,BEL,2012,2.640629
Belgium,BEL,2013,3.2305434
Belgium,BEL,2014,4.073865
Belgium,BEL,2015,4.4920726
Belgium,BEL,2016,3.6922345
Belgium,BEL,2017,3.8973272
Belgium,BEL,2018,5.3046794
Belgium,BEL,2019,4.6040516
Belgium,BEL,2020,5.814086
Belgium,BEL,2021,5.675048
Belgium,BEL,2022,7.7711987
Belize,BLZ,2019,1.1494253
Belize,BLZ,2020,1.6129032
Belize,BLZ,2021,1.5625
Benin,BEN,2019,5
Benin,BEN,2020,4.347826
Benin,BEN,2021,4.166667
Bolivia,BOL,2014,0.12254902
Bolivia,BOL,2016,0.11286682
Bolivia,BOL,2017,0.10905125
Bolivia,BOL,2018,1.3800424
Bolivia,BOL,2019,1.9038078
Bolivia,BOL,2020,3.3776867
Bolivia,BOL,2021,4.438149
Bosnia and Herzegovina,BIH,2014,0.06451613
Bosnia and Herzegovina,BIH,2015,0.06680027
Bosnia and Herzegovina,BIH,2016,0.117716305
Bosnia and Herzegovina,BIH,2017,0.1293661
Bosnia and Herzegovina,BIH,2018,0.10964912
Bosnia and Herzegovina,BIH,2019,0.1798561
Bosnia and Herzegovina,BIH,2020,0.31786397
Bosnia and Herzegovina,BIH,2021,0.40276182
Botswana,BWA,2018,0.33670032
Botswana,BWA,2019,0.3267974
Botswana,BWA,2020,0.48543692
Botswana,BWA,2021,0.456621
Brazil,BRA,2014,0.003437253
Brazil,BRA,2015,0.0104974015
Brazil,BRA,2016,0.0140007
Brazil,BRA,2017,0.14281783
Brazil,BRA,2018,0.5789881
Brazil,BRA,2019,1.0652055
Brazil,BRA,2020,1.7318554
Brazil,BRA,2021,2.5279965
Bulgaria,BGR,2010,0.021748587
Bulgaria,BGR,2011,0.2002002
Bulgaria,BGR,2012,1.6781411
Bulgaria,BGR,2013,3.229554
Bulgaria,BGR,2014,2.6854222
Bulgaria,BGR,2015,2.8336756
Bulgaria,BGR,2016,3.1193895
Bulgaria,BGR,2017,3.1159582
Bulgaria,BGR,2018,2.8792436
Bulgaria,BGR,2019,3.2420092
Bulgaria,BGR,2020,3.654898
Bulgaria,BGR,2021,3.1078224
Bulgaria,BGR,2022,3.4005535
Burkina Faso,BFA,2010,1.5625
Burkina Faso,BFA,2011,1.4492754
Burkina Faso,BFA,2012,1.1494253
Burkina Faso,BFA,2013,1.010101
Burkina Faso,BFA,2014,0.89285713
Burkina Faso,BFA,2015,0.6993007
Burkina Faso,BFA,2016,1.2903227
Burkina Faso,BFA,2017,1.8292683
Burkina Faso,BFA,2018,6.060606
Burkina Faso,BFA,2019,5.8139534
Burkina Faso,BFA,2020,6.097561
Burkina Faso,BFA,2021,6.857143
Burundi,BDI,2016,5.263158
Burundi,BDI,2017,3.448276
Burundi,BDI,2018,3.7037036
Burundi,BDI,2019,2.7777777
Burundi,BDI,2020,2.857143
Burundi,BDI,2021,2.7777777
Cambodia,KHM,2012,0.7246377
Cambodia,KHM,2013,0.5780347
Cambodia,KHM,2014,0.33557045
Cambodia,KHM,2015,0.46948355
Cambodia,KHM,2016,0.5524862
Cambodia,KHM,2017,0.44313148
Cambodia,KHM,2018,0.5025126
Cambodia,KHM,2019,1.421801
Cambodia,KHM,2020,3.672986
Cambodia,KHM,2021,4.2577677
Cameroon,CMR,2014,0.14992504
Cameroon,CMR,2015,0.12987013
Cameroon,CMR,2016,0.14450867
Cameroon,CMR,2017,0.25510204
Cameroon,CMR,2018,0.2415459
Cameroon,CMR,2019,0.23952095
Cameroon,CMR,2020,0.24125452
Cameroon,CMR,2021,0.2484472
Canada,CAN,1992,0.00039578206
Canada,CAN,1993,0.00038711948
Canada,CAN,1994,0.00037114436
Canada,CAN,1995,0.0006887113
Canada,CAN,1996,0.0010312306
Canada,CAN,1997,0.0012138502
Canada,CAN,1998,0.0017981172
Canada,CAN,1999,0.002295563
Canada,CAN,2000,0.0033989327
Canada,CAN,2001,0.0034942434
Canada,CAN,2002,0.0034250682
Canada,CAN,2003,0.0034941821
Canada,CAN,2004,0.0017170035
Canada,CAN,2005,0.0032977725
Canada,CAN,2006,0.003374787
Canada,CAN,2007,0.004894204
Canada,CAN,2008,0.006505757
Canada,CAN,2009,0.01680305
Canada,CAN,2010,0.042968616
Canada,CAN,2011,0.093207315
Canada,CAN,2012,0.14209417
Canada,CAN,2013,0.23207314
Canada,CAN,2014,0.33014193
Canada,CAN,2015,0.4491744
Canada,CAN,2016,0.61871976
Canada,CAN,2017,0.5490926
Canada,CAN,2018,0.5912972
Canada,CAN,2019,0.64339405
Canada,CAN,2020,0.6794
Canada,CAN,2021,0.8163591
Cape Verde,CPV,2011,2.857143
Cape Verde,CPV,2012,2.7777777
Cape Verde,CPV,2013,2.5641026
Cape Verde,CPV,2014,2.4390244
Cape Verde,CPV,2015,2.4390244
Cape Verde,CPV,2016,2.3255813
Cape Verde,CPV,2017,2.173913
Cape Verde,CPV,2018,2.173913
Cape Verde,CPV,2019,2.173913
Cape Verde,CPV,2020,2.3255813
Cape Verde,CPV,2021,2.2222223
Cayman Islands,CYM,2017,1.5151515
Cayman Islands,CYM,2018,1.5384616
Cayman Islands,CYM,2019,2.857143
Cayman Islands,CYM,2020,2.8985507
Cayman Islands,CYM,2021,2.739726
Chile,CHL,2013,0.01466921
Chile,CHL,2014,0.6576126
Chile,CHL,2015,1.9094076
Chile,CHL,2016,3.48964
Chile,CHL,2017,5.254648
Chile,CHL,2018,7.101903
Chile,CHL,2019,8.243959
Chile,CHL,2020,9.826366
Chile,CHL,2021,13.237639
China,CHN,1990,0.0003219575
China,CHN,1991,0.00029518118
China,CHN,1992,0.00039790967
China,CHN,1993,0.0004928597
China,CHN,1994,0.0005389092
China,CHN,1995,0.0006951134
China,CHN,1996,0.0008323237
China,CHN,1997,0.0009686936
China,CHN,1998,0.0011996573
China,CHN,1999,0.0013717421
China,CHN,2000,0.0014753615
China,CHN,2001,0.0020259456
China,CHN,2002,0.0030229746
China,CHN,2003,0.0031404076
China,CHN,2004,0.0036309008
China,CHN,2005,0.0031996672
China,CHN,2006,0.003140572
China,CHN,2007,0.0033520847
China,CHN,2008,0.0042909128
China,CHN,2009,0.0075377426
China,CHN,2010,0.016717177
China,CHN,2011,0.055634305
China,CHN,2012,0.07227325
China,CHN,2013,0.15475239
China,CHN,2014,0.4075717
China,CHN,2015,0.6821245
China,CHN,2016,1.0922726
China,CHN,2017,1.7962083
China,CHN,2018,2.4843411
China,CHN,2019,3.0020812
China,CHN,2020,3.3754478
China,CHN,2021,3.854305
Colombia,COL,2000,0.0237023
Colombia,COL,2001,0.023551578
Colombia,COL,2002,0.022691173
Colombia,COL,2003,0.021934634
Colombia,COL,2004,0.020496003
Colombia,COL,2005,0.020267531
Colombia,COL,2006,0.018964536
Colombia,COL,2007,0.018450184
Colombia,COL,2008,0.018198362
Colombia,COL,2009,0.017905103
Colombia,COL,2010,0.017661603
Colombia,COL,2011,0.016972166
Colombia,COL,2012,0.016520733
Colombia,COL,2013,0.013850416
Colombia,COL,2014,0.014478066
Colombia,COL,2015,0.0131216375
Colombia,COL,2016,0.013413816
Colombia,COL,2017,0.012909889
Colombia,COL,2018,0.025255714
Colombia,COL,2019,0.16636805
Colombia,COL,2020,0.24630542
Colombia,COL,2021,0.39550117
Costa Rica,CRI,2012,0.09950249
Costa Rica,CRI,2013,0.19782394
Costa Rica,CRI,2014,0.19782394
Costa Rica,CRI,2015,0.2788104
Costa Rica,CRI,2016,0.2764977
Costa Rica,CRI,2017,0.35492456
Costa Rica,CRI,2018,0.5244755
Costa Rica,CRI,2019,0.6999125
Costa Rica,CRI,2020,0.681431
Costa Rica,CRI,2021,0.47206923
Cote d'Ivoire,CIV,2017,0.09920635
Cote d'Ivoire,CIV,2018,0.10471204
Cote d'Ivoire,CIV,2019,0.09980039
Cote d'Ivoire,CIV,2020,0.09460738
Cote d'Ivoire,CIV,2021,0.09107468
Croatia,HRV,2013,0.07168459
Croatia,HRV,2014,0.29761904
Croatia,HRV,2015,0.53333336
Croatia,HRV,2016,0.5546751
Croatia,HRV,2017,0.6785411
Croatia,HRV,2018,0.51660514
Croatia,HRV,2019,0.6319115
Croatia,HRV,2020,0.75528705
Croatia,HRV,2021,0.9920636
Croatia,HRV,2022,1.062323
Cuba,CUB,2012,0.057603683
Cuba,CUB,2013,0.6053935
Cuba,CUB,2014,0.49099836
Cuba,CUB,2015,0.6763788
Cuba,CUB,2016,0.7227671
Cuba,CUB,2017,0.41258383
Cuba,CUB,2018,0.814664
Cuba,CUB,2019,1.1776754
Cuba,CUB,2020,1.2910167
Cuba,CUB,2021,1.3164557
Cyprus,CYP,2010,0.18761726
Cyprus,CYP,2011,0.20325203
Cyprus,CYP,2012,0.42372882
Cyprus,CYP,2013,1.1655011
Cyprus,CYP,2014,1.8433179
Cyprus,CYP,2015,2.8634362
Cyprus,CYP,2016,3.0674849
Cyprus,CYP,2017,3.4
Cyprus,CYP,2018,3.9525692
Cyprus,CYP,2019,4.2718444
Cyprus,CYP,2020,6.1855674
Cyprus,CYP,2021,9.1796875
Cyprus,CYP,2022,11.502783
Czechia,CZE,2008,0.012007685
Czechia,CZE,2009,0.11024008
Czechia,CZE,2010,0.72735804
Czechia,CZE,2011,2.5152879
Czechia,CZE,2012,2.4823925
Czechia,CZE,2013,2.362113
Czechia,CZE,2014,2.493824
Czechia,CZE,2015,2.7387302
Czechia,CZE,2016,2.5972443
Czechia,CZE,2017,2.5647004
Czechia,CZE,2018,2.7170157
Czechia,CZE,2019,2.7282267
Czechia,CZE,2020,2.9195256
Czechia,CZE,2021,2.7708108
Czechia,CZE,2022,2.9491246
Democratic Republic of Congo,COD,2017,0.10604454
Democratic Republic of Congo,COD,2018,0.09551098
Democratic Republic of Congo,COD,2019,0.090252705
Democratic Republic of Congo,COD,2020,0.08368201
Democratic Republic of Congo,COD,2021,0.09057971
Denmark,DNK,2010,0.025726782
Denmark,DNK,2011,0.028392958
Denmark,DNK,2012,0.3257329
Denmark,DNK,2013,1.4968336
Denmark,DNK,2014,1.8639331
Denmark,DNK,2015,2.0739717
Denmark,DNK,2016,2.4222586
Denmark,DNK,2017,2.4170158
Denmark,DNK,2018,3.1291173
Denmark,DNK,2019,3.2531345
Denmark,DNK,2020,4.107205
Denmark,DNK,2021,3.9624922
Denmark,DNK,2022,5.7815228
Dominican Republic,DOM,2013,0.059808616
Dominican Republic,DOM,2014,0.1227747
Dominican Republic,DOM,2015,0.17740981
Dominican Republic,DOM,2016,0.4284949
Dominican Republic,DOM,2017,0.7364545
Dominican Republic,DOM,2018,1.171676
Dominican Republic,DOM,2019,1.8681889
Dominican Republic,DOM,2020,2.5841348
Dominican Republic,DOM,2021,3.0147893
Ecuador,ECU,2014,0.08528785
Ecuador,ECU,2015,0.15942606
Ecuador,ECU,2016,0.14738394
Ecuador,ECU,2017,0.14372979
Ecuador,ECU,2018,0.13778849
Ecuador,ECU,2019,0.12383901
Ecuador,ECU,2020,0.12783636
Ecuador,ECU,2021,0.12368584
Egypt,EGY,2010,0.13101254
Egypt,EGY,2011,0.14005601
Egypt,EGY,2012,0.14599428
Egypt,EGY,2013,0.065386675
Egypt,EGY,2014,0.13691597
Egypt,EGY,2015,0.091240875
Egypt,EGY,2016,0.30595556
Egypt,EGY,2017,0.30481613
Egypt,EGY,2018,0.7614468
Egypt,EGY,2019,2.2763474
Egypt,EGY,2020,2.382588
Egypt,EGY,2021,2.3733006
El Salvador,SLV,2013,0.15948963
El Salvador,SLV,2014,0.32051283
El Salvador,SLV,2015,0.49916804
El Salvador,SLV,2016,0.66445184
El Salvador,SLV,2017,3.460838
El Salvador,SLV,2018,5.816135
El Salvador,SLV,2019,8.347246
El Salvador,SLV,2020,14.53674
El Salvador,SLV,2021,16.920732
Eritrea,ERI,2017,2.4390244
Eritrea,ERI,2018,2.3255813
Eritrea,ERI,2019,2.2727273
Eritrea,ERI,2020,2.3809524
Eritrea,ERI,2021,2.2222223
Estonia,EST,2016,0.082169265
Estonia,EST,2017,0.075987846
Estonia,EST,2018,0.24252224
Estonia,EST,2019,0.9198423
Estonia,EST,2020,4.111842
Estonia,EST,2021,4.867872
Estonia,EST,2022,6.3549156
Ethiopia,ETH,2013,0.115340255
Ethiopia,ETH,2014,0.21119323
Ethiopia,ETH,2015,0.19249277
Ethiopia,ETH,2016,0.16038492
Ethiopia,ETH,2017,0.15232292
Ethiopia,ETH,2018,0.14503263
Ethiopia,ETH,2019,0.14054814
Ethiopia,ETH,2020,0.21082221
Ethiopia,ETH,2021,0.27229407
Fiji,FJI,2016,1.0416667
Fiji,FJI,2017,0.952381
Fiji,FJI,2018,0.9174312
Fiji,FJI,2019,0.88495576
Fiji,FJI,2020,0.9090909
Fiji,FJI,2021,0.88495576
Finland,FIN,2011,0.013659337
Finland,FIN,2012,0.014267371
Finland,FIN,2013,0.014088475
Finland,FIN,2014,0.014747088
Finland,FIN,2015,0.014628437
Finland,FIN,2016,0.029205605
Finland,FIN,2017,0.07448235
Finland,FIN,2018,0.12860817
Finland,FIN,2019,0.21936241
Finland,FIN,2020,0.3201397
Finland,FIN,2021,0.41934586
Finland,FIN,2022,0.41493776
France,FRA,2000,0.001874063
France,FRA,2001,0.0018394187
France,FRA,2002,0.0018112005
France,FRA,2003,0.0017859695
France,FRA,2004,0.0017630776
France,FRA,2005,0.001754817
France,FRA,2006,0.0017605633
France,FRA,2007,0.0035573894
France,FRA,2008,0.007050322
France,FRA,2009,0.032123353
France,FRA,2010,0.110157594
France,FRA,2011,0.41064504
France,FRA,2012,0.7811948
France,FRA,2013,0.90033823
France,FRA,2014,1.1285964
France,FRA,2015,1.3503624
France,FRA,2016,1.5501655
France,FRA,2017,1.724572
France,FRA,2018,1.896393
France,FRA,2019,2.1795235
France,FRA,2020,2.5528686
France,FRA,2021,2.8580253
France,FRA,2022,4.255772
French Guiana,GUF,2011,3.773585
French Polynesia,PYF,2011,1.5384616
French Polynesia,PYF,2012,1.5625
French Polynesia,PYF,2013,3.3898306
French Polynesia,PYF,2014,5.172414
French Polynesia,PYF,2015,5.172414
French Polynesia,PYF,2016,5.172414
French Polynesia,PYF,2017,6.6666665
French Polynesia,PYF,2018,6.896552
French Polynesia,PYF,2019,5.882353
French Polynesia,PYF,2020,6.060606
French Polynesia,PYF,2021,7.142857
Germany,DEU,1994,0.0019040002
Germany,DEU,1995,0.0018768416
Germany,DEU,1996,0.0018159037
Germany,DEU,1997,0.0036495684
Germany,DEU,1998,0.0072413916
Germany,DEU,1999,0.0054294714
Germany,DEU,2000,0.010484012
Germany,DEU,2001,0.020622455
Germany,DEU,2002,0.03264829
Germany,DEU,2003,0.051448867
Germany,DEU,2004,0.09176116
Germany,DEU,2005,0.20866957
Germany,DEU,2006,0.35248727
Germany,DEU,2007,0.48710284
Germany,DEU,2008,0.6980417
Germany,DEU,2009,1.1172615
Germany,DEU,2010,1.8778816
Germany,DEU,2011,3.2387595
Germany,DEU,2012,4.252164
Germany,DEU,2013,4.9132533
Germany,DEU,2014,5.8165984
Germany,DEU,2015,6.0461774
Germany,DEU,2016,5.9256263
Germany,DEU,2017,6.098977
Germany,DEU,2018,6.8687572
Germany,DEU,2019,7.4029593
Germany,DEU,2020,8.726157
Germany,DEU,2021,8.474169
Germany,DEU,2022,10.116638
Ghana,GHA,2016,0.2631579
Ghana,GHA,2017,0.23364486
Ghana,GHA,2018,0.20876826
Ghana,GHA,2019,0.29958057
Ghana,GHA,2020,0.2970297
Ghana,GHA,2021,0.28653294
Greece,GRC,2008,0.015893199
Greece,GRC,2009,0.08187326
Greece,GRC,2010,0.2788428
Greece,GRC,2011,1.0305796
Greece,GRC,2012,2.781893
Greece,GRC,2013,6.390056
Greece,GRC,2014,7.527309
Greece,GRC,2015,7.5245996
Greece,GRC,2016,7.222937
Greece,GRC,2017,7.2308807
Greece,GRC,2018,7.117371
Greece,GRC,2019,9.1189785
Greece,GRC,2020,9.240032
Greece,GRC,2021,9.606587
Greece,GRC,2022,12.623952
Guadeloupe,GLP,2010,1.1904762
Guadeloupe,GLP,2011,1.7647058
Guam,GUM,2015,1.8181819
Guam,GUM,2016,4.0462427
Guam,GUM,2017,3.409091
Guam,GUM,2018,4.0462427
Guam,GUM,2019,3.9548023
Guam,GUM,2020,4.117647
Guam,GUM,2021,4.395604
Guatemala,GTM,2014,0.09354537
Guatemala,GTM,2015,1.399825
Guatemala,GTM,2016,1.5793849
Guatemala,GTM,2017,1.5772871
Guatemala,GTM,2018,1.4174345
Guatemala,GTM,2019,1.6666666
Guatemala,GTM,2020,1.6381235
Guatemala,GTM,2021,1.5927979
Guinea,GIN,2015,1.754386
Guinea,GIN,2016,1.242236
Guinea,GIN,2017,1.1299435
Guinea,GIN,2018,1.3422818
Guinea,GIN,2019,0.97087383
Guinea,GIN,2020,0.625
Guinea,GIN,2021,0.7194245
Guyana,GUY,2018,0.862069
Guyana,GUY,2019,0.8196721
Guyana,GUY,2020,0.862069
Guyana,GUY,2021,0.8130081
Honduras,HND,2012,0.13351135
Honduras,HND,2013,0.1293661
Honduras,HND,2014,0.119474314
Honduras,HND,2015,4.5793395
Honduras,HND,2016,9.309623
Honduras,HND,2017,9.6875
Honduras,HND,2018,10.10101
Honduras,HND,2019,10.071942
Honduras,HND,2020,9.283818
Honduras,HND,2021,10.6934
Hong Kong,HKG,2017,0.028694406
Hong Kong,HKG,2018,0.029052878
Hong Kong,HKG,2019,0.05757052
Hong Kong,HKG,2020,0.06035003
Hong Kong,HKG,2021,0.056737587
Hungary,HUN,2012,0.028885039
Hungary,HUN,2013,0.0661157
Hungary,HUN,2014,0.23850085
Hungary,HUN,2015,0.46219873
Hungary,HUN,2016,0.7544797
Hungary,HUN,2017,1.066098
Hungary,HUN,2018,1.9730661
Hungary,HUN,2019,4.387248
Hungary,HUN,2020,7.073031
Hungary,HUN,2021,10.567297
Hungary,HUN,2022,12.584458
India,IND,1995,0.00023647523
India,IND,1996,0.0013674485
India,IND,1997,0.0012918172
India,IND,1998,0.0011999336
India,IND,1999,0.001107238
India,IND,2000,0.0017501181
India,IND,2001,0.0017062225
India,IND,2002,0.0016403123
India,IND,2003,0.0031341575
India,IND,2004,0.0028640165
India,IND,2005,0.002838812
India,IND,2006,0.0013433096
India,IND,2007,0.007535227
India,IND,2008,0.0072427904
India,IND,2009,0.009093906
India,IND,2010,0.011733709
India,IND,2011,0.08027079
India,IND,2012,0.19233586
India,IND,2013,0.29926535
India,IND,2014,0.3890588
India,IND,2015,0.49698934
India,IND,2016,0.82475406
India,IND,2017,1.4641507
India,IND,2018,2.3008525
India,IND,2019,2.8528092
India,IND,2020,3.7550154
India,IND,2021,3.9859955
Indonesia,IDN,2013,0.004441286
Indonesia,IDN,2014,0.0042101718
Indonesia,IDN,2015,0.004110659
Indonesia,IDN,2016,0.0077654826
Indonesia,IDN,2017,0.011286257
Indonesia,IDN,2018,0.03171359
Indonesia,IDN,2019,0.04061876
Indonesia,IDN,2020,0.058255088
Indonesia,IDN,2021,0.06147077
Iran,IRN,2017,0.029491758
Iran,IRN,2018,0.07043381
Iran,IRN,2019,0.15992975
Iran,IRN,2020,0.18978707
Iran,IRN,2021,0.18723452
Iraq,IRQ,2013,0.090563305
Iraq,IRQ,2014,0.09389671
Iraq,IRQ,2015,0.09266409
Iraq,IRQ,2016,0.07951233
Iraq,IRQ,2017,0.07291287
Iraq,IRQ,2018,0.45722535
Iraq,IRQ,2019,0.4260567
Iraq,IRQ,2020,0.41416892
Iraq,IRQ,2021,0.39070532
Ireland,IRL,2016,0.03307972
Ireland,IRL,2017,0.032615785
Ireland,IRL,2018,0.06472492
Ireland,IRL,2019,0.13020834
Ireland,IRL,2020,0.18767595
Ireland,IRL,2021,0.28481013
Ireland,IRL,2022,0.26540843
Israel,ISR,2009,0.03654303
Israel,ISR,2010,0.11953551
Israel,ISR,2011,0.31879196
Israel,ISR,2012,0.5872084
Israel,ISR,2013,0.79895645
Israel,ISR,2014,1.4459414
Israel,ISR,2015,1.7434621
Israel,ISR,2016,2.2974787
Israel,ISR,2017,2.233728
Israel,ISR,2018,2.2796571
Israel,ISR,2019,3.6391523
Israel,ISR,2020,4.929479
Israel,ISR,2021,6.349206
Italy,ITA,1989,0.0009585775
Italy,ITA,1992,0.00449701
Italy,ITA,1993,0.004558093
Italy,ITA,1994,0.0043773255
Italy,ITA,1995,0.004219409
Italy,ITA,1996,0.0041832253
Italy,ITA,1997,0.004068183
Italy,ITA,1998,0.007907326
Italy,ITA,1999,0.007733952
Italy,ITA,2000,0.0074308007
Italy,ITA,2001,0.007377896
Italy,ITA,2002,0.0072264774
Italy,ITA,2003,0.0070081996
Italy,ITA,2004,0.010175356
Italy,ITA,2005,0.010144731
Italy,ITA,2006,0.013043336
Italy,ITA,2007,0.01302041
Italy,ITA,2008,0.0608
Italy,ITA,2009,0.23645595
Italy,ITA,2010,0.64113325
Italy,ITA,2011,3.6031227
Italy,ITA,2012,6.3613057
Italy,ITA,2013,7.5208135
Italy,ITA,2014,8.041378
Italy,ITA,2015,8.1651535
Italy,ITA,2016,7.694986
Italy,ITA,2017,8.311459
Italy,ITA,2018,7.881276
Italy,ITA,2019,8.131114
Italy,ITA,2020,8.968965
Italy,ITA,2021,8.743321
Italy,ITA,2022,9.944058
Jamaica,JAM,2014,0.25575447
Jamaica,JAM,2015,0.25575447
Jamaica,JAM,2016,0.24213074
Jamaica,JAM,2017,0.9756098
Jamaica,JAM,2018,1.1990408
Jamaica,JAM,2019,2.1176472
Jamaica,JAM,2020,2.9411764
Jamaica,JAM,2021,3.448276
Japan,JPN,1990,0.000113443
Japan,JPN,1991,0.00010973299
Japan,JPN,1992,0.0011453042
Japan,JPN,1993,0.0024295354
Japan,JPN,1994,0.0029456785
Japan,JPN,1995,0.003907487
Japan,JPN,1996,0.0052919965
Japan,JPN,1997,0.009129409
Japan,JPN,1998,0.013518095
Japan,JPN,1999,0.020203551
Japan,JPN,2000,0.035410766
Japan,JPN,2001,0.04844512
Japan,JPN,2002,0.06791275
Japan,JPN,2003,0.09221784
Japan,JPN,2004,0.11844922
Japan,JPN,2005,0.1467749
Japan,JPN,2006,0.17338577
Japan,JPN,2007,0.18816778
Japan,JPN,2008,0.22367585
Japan,JPN,2009,0.2824425
Japan,JPN,2010,0.32712048
Japan,JPN,2011,0.462282
Japan,JPN,2012,0.6315689
Japan,JPN,2013,1.2507404
Japan,JPN,2014,2.2309496
Japan,JPN,2015,3.4633412
Japan,JPN,2016,4.55337
Japan,JPN,2017,5.4579334
Japan,JPN,2018,6.192321
Japan,JPN,2019,6.9921184
Japan,JPN,2020,8.20325
Japan,JPN,2021,9.253753
Jordan,JOR,2015,0.27886224
Jordan,JOR,2016,2.3193095
Jordan,JOR,2017,4.6475997
Jordan,JOR,2018,7.4247146
Jordan,JOR,2019,10.602161
Jordan,JOR,2020,14.321357
Jordan,JOR,2021,15.996345
Kazakhstan,KAZ,2015,0.05456133
Kazakhstan,KAZ,2016,0.095107265
Kazakhstan,KAZ,2017,0.08727696
Kazakhstan,KAZ,2018,0.13051179
Kazakhstan,KAZ,2019,0.36626595
Kazakhstan,KAZ,2020,2.3840444
Kazakhstan,KAZ,2021,2.592852
Kenya,KEN,2011,0.1317523
Kenya,KEN,2012,0.123609394
Kenya,KEN,2013,0.34562212
Kenya,KEN,2014,0.5973716
Kenya,KEN,2015,0.5065856
Kenya,KEN,2016,0.61919504
Kenya,KEN,2017,0.6535948
Kenya,KEN,2018,0.80071175
Kenya,KEN,2019,0.78397214
Kenya,KEN,2020,0.7659575
Kenya,KEN,2021,0.84530854
Kosovo,OWID_KOS,2019,0.15748031
Kosovo,OWID_KOS,2020,0.14925374
Kuwait,KWT,2016,0.0151860295
Kuwait,KWT,2017,0.014619883
Kuwait,KWT,2018,0.028719127
Kuwait,KWT,2019,0.02836477
Kuwait,KWT,2020,0.0298775
Kuwait,KWT,2021,0.028081998
Laos,LAO,2017,0.032894738
Laos,LAO,2018,0.0593648
Laos,LAO,2019,0.1309329
Laos,LAO,2020,0.101833
Laos,LAO,2021,0.10007505
Latvia,LVA,2021,0.17094018
Latvia,LVA,2022,0.19762845
Lebanon,LBN,2014,0.0591716
Lebanon,LBN,2015,0.11389522
Lebanon,LBN,2016,0.21881837
Lebanon,LBN,2017,0.29955065
Lebanon,LBN,2018,0.449326
Lebanon,LBN,2019,0.54027504
Lebanon,LBN,2020,0.61601645
Lebanon,LBN,2021,0.58337384
Libya,LBY,2010,0.03266906
Libya,LBY,2011,0.040899795
Libya,LBY,2012,0.031036623
Libya,LBY,2013,0.028058361
Libya,LBY,2014,0.028192839
Libya,LBY,2015,0.02836075
Libya,LBY,2016,0.033852402
Libya,LBY,2017,0.03195909
Libya,LBY,2018,0.03112356
Libya,LBY,2019,0.03154574
Libya,LBY,2020,0.03322259
Libya,LBY,2021,0.031230481
Lithuania,LTU,2013,1.2562814
Lithuania,LTU,2014,2.0231214
Lithuania,LTU,2015,1.75
Lithuania,LTU,2016,2.0527859
Lithuania,LTU,2017,2.0895524
Lithuania,LTU,2018,3.2727273
Lithuania,LTU,2019,2.866242
Lithuania,LTU,2020,2.869757
Lithuania,LTU,2021,4.556355
Lithuania,LTU,2022,10.31175
Luxembourg,LUX,2004,0.2967359
Luxembourg,LUX,2005,0.59701496
Luxembourg,LUX,2006,0.56497175
Luxembourg,LUX,2007,0.62695926
Luxembourg,LUX,2008,0.7352941
Luxembourg,LUX,2009,0.6349206
Luxembourg,LUX,2010,0.61728394
Luxembourg,LUX,2011,1.1363636
Luxembourg,LUX,2012,1.4492754
Luxembourg,LUX,2013,3.8043478
Luxembourg,LUX,2014,4.712042
Luxembourg,LUX,2015,7.4626865
Luxembourg,LUX,2016,12.658228
Luxembourg,LUX,2017,12.222222
Luxembourg,LUX,2018,12.5
Luxembourg,LUX,2019,12.149532
Luxembourg,LUX,2020,13.114754
Luxembourg,LUX,2021,14.634146
Luxembourg,LUX,2022,20.168066
Madagascar,MDG,2013,0.5405405
Madagascar,MDG,2014,0.5076142
Madagascar,MDG,2015,0.97087383
Madagascar,MDG,2016,0.990099
Madagascar,MDG,2017,0.9090909
Madagascar,MDG,2018,0.88105726
Madagascar,MDG,2019,0.99502486
Madagascar,MDG,2020,1.0152284
Madagascar,MDG,2021,0.95693785
Malawi,MWI,2012,0.47846892
Malawi,MWI,2013,0.4761905
Malawi,MWI,2014,0.9049774
Malawi,MWI,2015,1.357466
Malawi,MWI,2016,1.369863
Malawi,MWI,2017,1.9138757
Malawi,MWI,2018,3.0487804
Malawi,MWI,2019,10
Malawi,MWI,2020,9.941521
Malawi,MWI,2021,11.971831
Malaysia,MYS,2012,0.0074632433
Malaysia,MYS,2013,0.099361256
Malaysia,MYS,2014,0.15596393
Malaysia,MYS,2015,0.1798681
Malaysia,MYS,2016,0.1978934
Malaysia,MYS,2017,0.20542829
Malaysia,MYS,2018,0.36932817
Malaysia,MYS,2019,0.52672863
Malaysia,MYS,2020,0.69104004
Malaysia,MYS,2021,0.85382515
Maldives,MDV,2014,1.9607843
Maldives,MDV,2015,1.754386
Maldives,MDV,2016,1.6393442
Maldives,MDV,2017,3.2258065
Maldives,MDV,2018,4.6875
Maldives,MDV,2019,4.6875
Maldives,MDV,2020,6.557377
Maldives,MDV,2021,7.5757575
Mali,MLI,2010,0.5847953
Mali,MLI,2011,1.0526316
Mali,MLI,2012,1.3274336
Mali,MLI,2013,1.3157895
Mali,MLI,2014,1.2711865
Mali,MLI,2015,1.2931035
Mali,MLI,2016,1.0830325
Mali,MLI,2017,0.9118541
Mali,MLI,2018,0.84985834
Mali,MLI,2019,0.90361446
Mali,MLI,2020,0.9375
Mali,MLI,2021,0.8849557
Malta,MLT,2012,0.86956525
Malta,MLT,2013,1.3274336
Malta,MLT,2014,3.1111112
Malta,MLT,2015,6.923077
Malta,MLT,2016,15.116279
Malta,MLT,2017,9.69697
Malta,MLT,2018,9.64467
Malta,MLT,2019,9.661836
Malta,MLT,2020,11.16279
Malta,MLT,2021,9.677419
Malta,MLT,2022,11.981566
Mauritania,MRT,2013,3.1914895
Mauritania,MRT,2014,3.0612245
Mauritania,MRT,2015,2.631579
Mauritania,MRT,2016,4.9586773
Mauritania,MRT,2017,3.97351
Mauritania,MRT,2018,8.284023
Mauritania,MRT,2019,7.6923075
Mauritania,MRT,2020,7.9096045
Mauritania,MRT,2021,7.4468083
Mauritius,MUS,2014,1.0714285
Mauritius,MUS,2015,1.0526316
Mauritius,MUS,2016,1.0344827
Mauritius,MUS,2017,1.3513514
Mauritius,MUS,2018,1.6835017
Mauritius,MUS,2019,4.2207794
Mauritius,MUS,2020,5.474453
Mauritius,MUS,2021,5.5555553
Mexico,MEX,1990,0.0008504013
Mexico,MEX,1991,0.0015555588
Mexico,MEX,1992,0.002267991
Mexico,MEX,1993,0.0029708298
Mexico,MEX,1994,0.003421668
Mexico,MEX,1995,0.0033254344
Mexico,MEX,1996,0.0038316397
Mexico,MEX,1997,0.0035982346
Mexico,MEX,1998,0.003866141
Mexico,MEX,1999,0.0036846262
Mexico,MEX,2000,0.005151453
Mexico,MEX,2001,0.0049709203
Mexico,MEX,2002,0.0048842435
Mexico,MEX,2003,0.0049372963
Mexico,MEX,2004,0.0045335027
Mexico,MEX,2005,0.004322082
Mexico,MEX,2006,0.0042231516
Mexico,MEX,2007,0.004099705
Mexico,MEX,2008,0.0040471083
Mexico,MEX,2009,0.0040741498
Mexico,MEX,2010,0.011346015
Mexico,MEX,2011,0.0142734805
Mexico,MEX,2012,0.024582967
Mexico,MEX,2013,0.03829017
Mexico,MEX,2014,0.0758124
Mexico,MEX,2015,0.08056936
Mexico,MEX,2016,0.15180516
Mexico,MEX,2017,0.34612152
Mexico,MEX,2018,0.40961388
Mexico,MEX,2019,2.1912727
Mexico,MEX,2020,3.452937
Mexico,MEX,2021,4.2024035
Moldova,MDA,2021,0.15015015
Mongolia,MNG,2008,0.25575447
Mongolia,MNG,2009,0.2538071
Mongolia,MNG,2010,0.24630542
Mongolia,MNG,2011,0.23419204
Mongolia,MNG,2012,0.22075054
Mongolia,MNG,2013,0.21186441
Mongolia,MNG,2014,0.19723865
Mongolia,MNG,2015,0.19267823
Mongolia,MNG,2016,0.18726592
Mongolia,MNG,2017,0.54347825
Mongolia,MNG,2018,0.9756097
Mongolia,MNG,2019,1.2251148
Mongolia,MNG,2020,1.7857144
Mongolia,MNG,2021,1.9662921
Morocco,MAR,2012,0.21905805
Morocco,MAR,2013,0.2240478
Morocco,MAR,2014,0.21629415
Morocco,MAR,2015,0.10155721
Morocco,MAR,2016,1.4107611
Morocco,MAR,2017,1.3946117
Morocco,MAR,2018,2.7753434
Morocco,MAR,2019,3.951976
Morocco,MAR,2020,3.9603958
Morocco,MAR,2021,4.40678
Mozambique,MOZ,2020,0.15511893
Mozambique,MOZ,2021,0.3515821
Myanmar,MMR,2013,0.082169265
Myanmar,MMR,2014,0.07153076
Myanmar,MMR,2015,0.1908397
Myanmar,MMR,2016,0.2849003
Myanmar,MMR,2017,0.29325515
Myanmar,MMR,2018,0.31277928
Myanmar,MMR,2019,0.379107
Myanmar,MMR,2020,0.33955857
Myanmar,MMR,2021,0.44722718
Namibia,NAM,2010,0.76335883
Namibia,NAM,2011,0.6993007
Namibia,NAM,2012,0.61349696
Namibia,NAM,2013,1.4925373
Namibia,NAM,2014,1.986755
Namibia,NAM,2015,2.5641026
Namibia,NAM,2016,4.0816326
Namibia,NAM,2017,5.7471266
Namibia,NAM,2018,17.021276
Namibia,NAM,2019,25.735294
Namibia,NAM,2020,18.974358
Namibia,NAM,2021,24.203821
Nepal,NPL,2007,0.35971224
Nepal,NPL,2008,0.35714287
Nepal,NPL,2009,0.3236246
Nepal,NPL,2010,0.3144654
Nepal,NPL,2011,0.28901735
Nepal,NPL,2012,0.28328612
Nepal,NPL,2013,0.5714286
Nepal,NPL,2014,0.52910054
Nepal,NPL,2015,0.5797101
Nepal,NPL,2016,0.47281325
Nepal,NPL,2017,1.6949153
Nepal,NPL,2018,1.6032065
Nepal,NPL,2019,1.1182108
Nepal,NPL,2020,1.5797788
Nepal,NPL,2021,1.7973857
Netherlands,NLD,1999,0.011556686
Netherlands,NLD,2000,0.011186934
Netherlands,NLD,2001,0.0107032005
Netherlands,NLD,2002,0.020887729
Netherlands,NLD,2003,0.031055901
Netherlands,NLD,2004,0.02970003
Netherlands,NLD,2005,0.04012841
Netherlands,NLD,2006,0.040530954
Netherlands,NLD,2007,0.03809524
Netherlands,NLD,2008,0.037243947
Netherlands,NLD,2009,0.03522367
Netherlands,NLD,2010,0.050373603
Netherlands,NLD,2011,0.08786574
Netherlands,NLD,2012,0.18434075
Netherlands,NLD,2013,0.4039409
Netherlands,NLD,2014,0.7072273
Netherlands,NLD,2015,1.0202205
Netherlands,NLD,2016,1.4056048
Netherlands,NLD,2017,1.9024559
Netherlands,NLD,2018,3.2635467
Netherlands,NLD,2019,4.4705687
Netherlands,NLD,2020,6.979396
Netherlands,NLD,2021,9.456459
Netherlands,NLD,2022,14.348366
New Caledonia,NCL,2015,0.36363637
New Caledonia,NCL,2016,0.33783785
New Caledonia,NCL,2017,0.98039216
New Caledonia,NCL,2018,1.6666666
New Caledonia,NCL,2019,3.821656
New Caledonia,NCL,2020,4.7619047
New Caledonia,NCL,2021,5.357143
New Zealand,NZL,2013,0.023607176
New Zealand,NZL,2014,0.046893317
New Zealand,NZL,2015,0.09229349
New Zealand,NZL,2016,0.13979498
New Zealand,NZL,2017,0.1846722
New Zealand,NZL,2018,0.23025559
New Zealand,NZL,2019,0.2966682
New Zealand,NZL,2020,0.3705419
New Zealand,NZL,2021,0.46061724
Nicaragua,NIC,2012,0.2570694
Nicaragua,NIC,2017,0.2283105
Nicaragua,NIC,2018,0.44150108
Nicaragua,NIC,2019,0.66964287
Nicaragua,NIC,2020,0.678733
Nicaragua,NIC,2021,0.64794815
Niger,NER,2012,2.5641026
Niger,NER,2013,2.3809524
Niger,NER,2014,2.3809524
Niger,NER,2015,1.9607843
Niger,NER,2016,2
Niger,NER,2017,1.8867925
Niger,NER,2018,9.259259
Niger,NER,2019,8.196721
Niger,NER,2020,11.627907
Niger,NER,2021,11.111112
Nigeria,NGA,2012,0.07326008
Nigeria,NGA,2013,0.07283322
Nigeria,NGA,2014,0.06535947
Nigeria,NGA,2015,0.0974026
Nigeria,NGA,2016,0.09372072
Nigeria,NGA,2017,0.091491304
Nigeria,NGA,2018,0.09416196
Nigeria,NGA,2019,0.1263823
Nigeria,NGA,2020,0.134499
Nigeria,NGA,2021,0.15888147
North Korea,PRK,2014,0.05717553
North Korea,PRK,2015,0.07451565
North Korea,PRK,2016,0.060386475
North Korea,PRK,2017,0.06844627
North Korea,PRK,2018,0.066050194
North Korea,PRK,2019,0.14892033
North Korea,PRK,2020,0.13236268
North Korea,PRK,2021,0.1384083
North Macedonia,MKD,2013,0.16420361
North Macedonia,MKD,2014,0.1858736
North Macedonia,MKD,2015,0.3539823
North Macedonia,MKD,2016,0.35523978
North Macedonia,MKD,2017,0.35714287
North Macedonia,MKD,2018,0.35650623
North Macedonia,MKD,2019,0.3407155
North Macedonia,MKD,2020,0.37453184
North Macedonia,MKD,2021,0.5050505
Norway,NOR,2019,0.0074582337
Norway,NOR,2020,0.019569471
Norway,NOR,2021,0.01984652
Oman,OMN,2017,0.058858152
Oman,OMN,2018,0.056385677
Oman,OMN,2019,0.055478502
Oman,OMN,2020,0.37856728
Oman,OMN,2021,0.43763673
Pakistan,PAK,2010,0.0105853705
Pakistan,PAK,2011,0.031635556
Pakistan,PAK,2012,0.07135576
Pakistan,PAK,2013,0.13342229
Pakistan,PAK,2014,0.2235886
Pakistan,PAK,2015,0.33837932
Pakistan,PAK,2016,0.54993933
Pakistan,PAK,2017,0.6991944
Pakistan,PAK,2018,0.6576126
Pakistan,PAK,2019,0.6836727
Pakistan,PAK,2020,0.7524839
Pakistan,PAK,2021,0.8390491
Palestine,PSE,2015,2.0833335
Palestine,PSE,2016,7.8431373
Palestine,PSE,2017,9.615385
Palestine,PSE,2018,15
Palestine,PSE,2019,15.584416
Palestine,PSE,2020,22.5
Palestine,PSE,2021,23.255814
Panama,PAN,2014,0.119760476
Panama,PAN,2015,0.21390374
Panama,PAN,2016,0.8
Panama,PAN,2017,1.505174
Panama,PAN,2018,2.443609
Panama,PAN,2019,3.2723773
Panama,PAN,2020,3.3514493
Panama,PAN,2021,3.7533514
Peru,PER,2012,0.234253
Peru,PER,2013,0.57623047
Peru,PER,2014,0.57510924
Peru,PER,2015,0.62716264
Peru,PER,2016,0.6219904
Peru,PER,2017,0.68623716
Peru,PER,2018,1.3718677
Peru,PER,2019,1.3790665
Peru,PER,2020,1.4956456
Peru,PER,2021,1.4103887
Philippines,PHL,2014,0.025889968
Philippines,PHL,2015,0.1699029
Philippines,PHL,2016,1.211187
Philippines,PHL,2017,1.2715906
Philippines,PHL,2018,1.2528816
Philippines,PHL,2019,1.1877828
Philippines,PHL,2020,1.3563622
Philippines,PHL,2021,1.3863217
Poland,POL,2014,0.0063139284
Poland,POL,2015,0.036531903
Poland,POL,2016,0.072249986
Poland,POL,2017,0.100041196
Poland,POL,2018,0.1770016
Poland,POL,2019,0.43547598
Poland,POL,2020,1.2472954
Poland,POL,2021,2.1983554
Poland,POL,2022,4.465532
Portugal,PRT,1989,0.003913907
Portugal,PRT,2007,0.042653017
Portugal,PRT,2008,0.08795075
Portugal,PRT,2009,0.32336298
Portugal,PRT,2010,0.3911343
Portugal,PRT,2011,0.539707
Portugal,PRT,2012,0.8558262
Portugal,PRT,2013,0.9499307
Portugal,PRT,2014,1.2124711
Portugal,PRT,2015,1.5603666
Portugal,PRT,2016,1.4713343
Portugal,PRT,2017,1.7157712
Portugal,PRT,2018,1.729156
Portugal,PRT,2019,2.590373
Portugal,PRT,2020,3.3372138
Portugal,PRT,2021,4.5307446
Portugal,PRT,2022,6.537479
Puerto Rico,PRI,2012,0.09433962
Puerto Rico,PRI,2013,0.19521718
Puerto Rico,PRI,2014,0.24485798
Puerto Rico,PRI,2015,0.44096032
Puerto Rico,PRI,2016,0.5725191
Puerto Rico,PRI,2017,0.95865786
Puerto Rico,PRI,2018,0.47086522
Puerto Rico,PRI,2019,1.389693
Puerto Rico,PRI,2020,1.516035
Puerto Rico,PRI,2021,1.4802632
Qatar,QAT,2014,0.02741228
Qatar,QAT,2015,0.025549311
Qatar,QAT,2016,0.025062656
Qatar,QAT,2017,0.023277467
Qatar,QAT,2018,0.022133688
Qatar,QAT,2019,0.02127207
Qatar,QAT,2020,0.022391401
Qatar,QAT,2021,0.021052632
Reunion,REU,2009,0.7194245
Reunion,REU,2010,2.7972028
Reunion,REU,2011,4.8442903
Romania,ROU,2012,0.01701259
Romania,ROU,2013,0.71733564
Romania,ROU,2014,2.4850435
Romania,ROU,2015,3.003641
Romania,ROU,2016,2.8177738
Romania,ROU,2017,2.9085224
Romania,ROU,2018,2.746741
Romania,ROU,2019,3.007773
Romania,ROU,2020,3.110392
Romania,ROU,2021,2.875021
Romania,ROU,2022,3.1793962
Russia,RUS,2014,0.015865147
Russia,RUS,2015,0.033628073
Russia,RUS,2016,0.044481836
Russia,RUS,2017,0.053994637
Russia,RUS,2018,0.06872918
Russia,RUS,2019,0.12034826
Russia,RUS,2020,0.19331808
Russia,RUS,2021,0.20714003
Rwanda,RWA,2014,2.1276596
Rwanda,RWA,2015,3.448276
Rwanda,RWA,2016,4.4117646
Rwanda,RWA,2017,5.194805
Rwanda,RWA,2018,5.8139534
Rwanda,RWA,2019,5.882353
Rwanda,RWA,2020,6.593406
Rwanda,RWA,2021,7.058823
Samoa,WSM,2015,7.692308
Samoa,WSM,2016,14.285714
Samoa,WSM,2017,14.285714
Samoa,WSM,2018,13.333333
Samoa,WSM,2019,13.333333
Samoa,WSM,2020,12.5
Samoa,WSM,2021,11.764706
Saudi Arabia,SAU,2011,0.0039987206
Saudi Arabia,SAU,2012,0.011041184
Saudi Arabia,SAU,2013,0.014081532
Saudi Arabia,SAU,2014,0.016032835
Saudi Arabia,SAU,2015,0.01477585
Saudi Arabia,SAU,2016,0.014817889
Saudi Arabia,SAU,2017,0.019753365
Saudi Arabia,SAU,2018,0.047781166
Saudi Arabia,SAU,2019,0.062602475
Saudi Arabia,SAU,2020,0.062124662
Saudi Arabia,SAU,2021,0.23274073
Senegal,SEN,2012,0.3154574
Senegal,SEN,2013,0.3030303
Senegal,SEN,2014,0.5479452
Senegal,SEN,2015,0.5154639
Senegal,SEN,2016,0.23980814
Senegal,SEN,2017,2.232143
Senegal,SEN,2018,4.9250536
Senegal,SEN,2019,5.6092844
Senegal,SEN,2020,7.251909
Senegal,SEN,2021,8.377896
Serbia,SRB,2014,0.029904308
Serbia,SRB,2015,0.02660282
Serbia,SRB,2016,0.025900025
Serbia,SRB,2017,0.027442371
Serbia,SRB,2018,0.02727025
Serbia,SRB,2019,0.02712968
Serbia,SRB,2020,0.02686006
Serbia,SRB,2021,0.026961446
Seychelles,SYC,2019,7.54717
Seychelles,SYC,2020,10
Seychelles,SYC,2021,10.769231
Sierra Leone,SLE,2017,4.347826
Sierra Leone,SLE,2018,3.846154
Sierra Leone,SLE,2019,4.7619047
Sierra Leone,SLE,2020,4.7619047
Sierra Leone,SLE,2021,4.7619047
Singapore,SGP,2011,0.022899017
Singapore,SGP,2012,0.022461815
Singapore,SGP,2013,0.043802015
Singapore,SGP,2014,0.085178874
Singapore,SGP,2015,0.14625992
Singapore,SGP,2016,0.3054368
Singapore,SGP,2017,0.3419835
Singapore,SGP,2018,0.47496536
Singapore,SGP,2019,0.79227054
Singapore,SGP,2020,0.9827044
Singapore,SGP,2021,1.2528048
Slovakia,SVK,2010,0.07293946
Slovakia,SVK,2011,1.4179369
Slovakia,SVK,2012,1.4872521
Slovakia,SVK,2013,2.0745428
Slovakia,SVK,2014,2.218935
Slovakia,SVK,2015,1.9216276
Slovakia,SVK,2016,1.9865066
Slovakia,SVK,2017,1.8688164
Slovakia,SVK,2018,2.182913
Slovakia,SVK,2019,2.0929406
Slovakia,SVK,2020,2.3149772
Slovakia,SVK,2021,2.2370617
Slovakia,SVK,2022,2.553664
Slovenia,SVN,2010,0.061500613
Slovenia,SVN,2011,0.4396985
Slovenia,SVN,2012,1.0289389
Slovenia,SVN,2013,1.392405
Slovenia,SVN,2014,1.516035
Slovenia,SVN,2015,1.8243245
Slovenia,SVN,2016,1.6635861
Slovenia,SVN,2017,1.7445483
Slovenia,SVN,2018,1.5508684
Slovenia,SVN,2019,1.88798
Slovenia,SVN,2020,2.1906455
Slovenia,SVN,2021,2.8864655
Slovenia,SVN,2022,3.3157496
Somalia,SOM,2016,2.9411764
Somalia,SOM,2017,2.857143
Somalia,SOM,2018,2.857143
Somalia,SOM,2019,2.857143
Somalia,SOM,2020,5.263158
Somalia,SOM,2021,7.3170733
South Africa,ZAF,2002,0.009823665
South Africa,ZAF,2003,0.0091642225
South Africa,ZAF,2004,0.008762706
South Africa,ZAF,2005,0.008725242
South Africa,ZAF,2006,0.008453085
South Africa,ZAF,2007,0.0081034
South Africa,ZAF,2008,0.008308063
South Africa,ZAF,2009,0.008635579
South Africa,ZAF,2010,0.00823113
South Africa,ZAF,2011,0.008180293
South Africa,ZAF,2012,0.012453301
South Africa,ZAF,2013,0.020963483
South Africa,ZAF,2014,0.45654383
South Africa,ZAF,2015,1.0347505
South Africa,ZAF,2016,1.2754778
South Africa,ZAF,2017,1.6561581
South Africa,ZAF,2018,1.788803
South Africa,ZAF,2019,2.050648
South Africa,ZAF,2020,2.2662764
South Africa,ZAF,2021,2.9793906
South Korea,KOR,1990,0.0008441612
South Korea,KOR,1991,0.0007597852
South Korea,KOR,1992,0.0013657537
South Korea,KOR,1993,0.0012353231
South Korea,KOR,1994,0.0010907175
South Korea,KOR,1995,0.0009825766
South Korea,KOR,1996,0.0013283405
South Korea,KOR,1997,0.0012166069
South Korea,KOR,1998,0.0016863592
South Korea,KOR,1999,0.0017440253
South Korea,KOR,2001,0.0034255958
South Korea,KOR,2002,0.00321151
South Korea,KOR,2003,0.0030848011
South Korea,KOR,2004,0.002888754
South Korea,KOR,2005,0.0027443876
South Korea,KOR,2006,0.007902223
South Korea,KOR,2007,0.017379215
South Korea,KOR,2008,0.066706374
South Korea,KOR,2009,0.13351761
South Korea,KOR,2010,0.1611924
South Korea,KOR,2011,0.18387128
South Korea,KOR,2012,0.2151463
South Korea,KOR,2013,0.30741864
South Korea,KOR,2014,0.48609388
South Korea,KOR,2015,0.7394702
South Korea,KOR,2016,0.94584256
South Korea,KOR,2017,1.3029978
South Korea,KOR,2018,1.6379739
South Korea,KOR,2019,2.3448772
South Korea,KOR,2020,3.2587404
South Korea,KOR,2021,4.06953
South Sudan,SSD,2018,1.7857143
South Sudan,SSD,2019,1.7857143
South Sudan,SSD,2020,1.8518518
South Sudan,SSD,2021,1.754386
Spain,ESP,1989,0.0041213324
Spain,ESP,1990,0.006613319
Spain,ESP,1991,0.0064620357
Spain,ESP,1992,0.006382028
Spain,ESP,1993,0.0064325226
Spain,ESP,1994,0.0062150406
Spain,ESP,1995,0.012077294
Spain,ESP,1996,0.011536022
Spain,ESP,1997,0.010574178
Spain,ESP,1998,0.010341796
Spain,ESP,1999,0.014589311
Spain,ESP,2000,0.0045265253
Spain,ESP,2001,0.008581113
Spain,ESP,2002,0.008336459
Spain,ESP,2003,0.0077730278
Spain,ESP,2004,0.007308606
Spain,ESP,2005,0.017577164
Spain,ESP,2006,0.040642146
Spain,ESP,2007,0.17245382
Spain,ESP,2008,0.8304632
Spain,ESP,2009,2.0786884
Spain,ESP,2010,2.411538
Spain,ESP,2011,3.2261384
Spain,ESP,2012,4.0746164
Spain,ESP,2013,4.654137
Spain,ESP,2014,4.971994
Spain,ESP,2015,4.9949546
Spain,ESP,2016,5.029684
Spain,ESP,2017,5.276658
Spain,ESP,2018,4.6858907
Spain,ESP,2019,5.574218
Spain,ESP,2020,7.958264
Spain,ESP,2021,10.007016
Spain,ESP,2022,11.505917
Sri Lanka,LKA,2000,0.15503876
Sri Lanka,LKA,2001,0.15313935
Sri Lanka,LKA,2002,0.14705881
Sri Lanka,LKA,2003,0.13495277
Sri Lanka,LKA,2004,0.12690355
Sri Lanka,LKA,2005,0.11198208
Sri Lanka,LKA,2006,0.118906066
Sri Lanka,LKA,2007,0.21030493
Sri Lanka,LKA,2008,0.20790021
Sri Lanka,LKA,2009,0.20811655
Sri Lanka,LKA,2010,0.1915709
Sri Lanka,LKA,2011,0.17873101
Sri Lanka,LKA,2012,0.1759015
Sri Lanka,LKA,2013,0.1715266
Sri Lanka,LKA,2014,0.25062656
Sri Lanka,LKA,2015,0.23584905
Sri Lanka,LKA,2016,0.3652301
Sri Lanka,LKA,2017,0.74880874
Sri Lanka,LKA,2018,1.5364062
Sri Lanka,LKA,2019,2.2670026
Sri Lanka,LKA,2020,2.8241336
Sri Lanka,LKA,2021,3.3007336
Sudan,SDN,2012,0.10706638
Sudan,SDN,2013,0.09765625
Sudan,SDN,2014,0.08873114
Sudan,SDN,2015,0.07800312
Sudan,SDN,2016,0.14174345
Sudan,SDN,2017,0.13140604
Sudan,SDN,2018,0.1257071
Sudan,SDN,2019,0.122699395
Sudan,SDN,2020,0.18203884
Sudan,SDN,2021,0.18083182
Suriname,SUR,2015,0.5128205
Suriname,SUR,2016,0.5208334
Suriname,SUR,2017,0.5319149
Suriname,SUR,2018,0.52910054
Suriname,SUR,2019,0.5128205
Suriname,SUR,2020,0.5208334
Suriname,SUR,2021,0.990099
Sweden,SWE,2009,0.007320644
Sweden,SWE,2010,0.006736275
Sweden,SWE,2011,0.0066542453
Sweden,SWE,2012,0.012017065
Sweden,SWE,2013,0.026138665
Sweden,SWE,2014,0.032562684
Sweden,SWE,2015,0.061728396
Sweden,SWE,2016,0.089806914
Sweden,SWE,2017,0.14004749
Sweden,SWE,2018,0.25097942
Sweden,SWE,2019,0.40375254
Sweden,SWE,2020,0.64106476
Sweden,SWE,2021,0.890726
Sweden,SWE,2022,1.3630009
Switzerland,CHE,1990,0.0017852226
Switzerland,CHE,1991,0.0034446027
Switzerland,CHE,1992,0.005040499
Switzerland,CHE,1993,0.0064981887
Switzerland,CHE,1994,0.0075603803
Switzerland,CHE,1995,0.009544616
Switzerland,CHE,1996,0.012210364
Switzerland,CHE,1997,0.011128408
Switzerland,CHE,1998,0.012640639
Switzerland,CHE,1999,0.014573581
Switzerland,CHE,2000,0.016194332
Switzerland,CHE,2001,0.015008255
Switzerland,CHE,2002,0.01635858
Switzerland,CHE,2003,0.032743942
Switzerland,CHE,2004,0.033528917
Switzerland,CHE,2005,0.03708511
Switzerland,CHE,2006,0.034524426
Switzerland,CHE,2007,0.048340313
Switzerland,CHE,2008,0.047831632
Switzerland,CHE,2009,0.08025682
Switzerland,CHE,2010,0.14504433
Switzerland,CHE,2011,0.28716215
Switzerland,CHE,2012,0.46750823
Switzerland,CHE,2013,0.7725587
Switzerland,CHE,2014,1.2738853
Switzerland,CHE,2015,1.8020917
Switzerland,CHE,2016,2.3130436
Switzerland,CHE,2017,2.9671495
Switzerland,CHE,2018,3.131524
Switzerland,CHE,2019,3.2781954
Switzerland,CHE,2020,3.8575666
Switzerland,CHE,2021,4.759552
Taiwan,TWN,2009,0.0044103377
Taiwan,TWN,2010,0.008196721
Taiwan,TWN,2011,0.024070285
Taiwan,TWN,2012,0.06466476
Taiwan,TWN,2013,0.12844184
Taiwan,TWN,2014,0.2063461
Taiwan,TWN,2015,0.3331896
Taiwan,TWN,2016,0.42558086
Taiwan,TWN,2017,0.6256322
Taiwan,TWN,2018,0.9957378
Taiwan,TWN,2019,1.4835043
Taiwan,TWN,2020,2.1928399
Taiwan,TWN,2021,2.7697654
Tanzania,TZA,2010,0.19417475
Tanzania,TZA,2011,0.19960079
Tanzania,TZA,2012,0.18248175
Tanzania,TZA,2013,0.17301038
Tanzania,TZA,2014,0.32894737
Tanzania,TZA,2015,0.30487806
Tanzania,TZA,2016,0.43041608
Tanzania,TZA,2017,0.56980056
Tanzania,TZA,2018,0.69156295
Tanzania,TZA,2019,0.65789473
Tanzania,TZA,2020,0.6242197
Tanzania,TZA,2021,0.73439413
Thailand,THA,2009,0.0072896928
Thailand,THA,2010,0.013306719
Thailand,THA,2011,0.061166238
Thailand,THA,2012,0.31816736
Thailand,THA,2013,0.78446025
Thailand,THA,2014,1.1844851
Thailand,THA,2015,1.4274577
Thailand,THA,2016,1.9014401
Thailand,THA,2017,2.4972496
Thailand,THA,2018,2.4931355
Thailand,THA,2019,2.7018518
Thailand,THA,2020,2.8061368
Thailand,THA,2021,2.2955906
Togo,TGO,2018,1.754386
Togo,TGO,2019,1.4285715
Togo,TGO,2020,1.724138
Togo,TGO,2021,3.1746032
Tonga,TON,2017,16.666668
Tonga,TON,2018,14.285714
Tonga,TON,2019,14.285714
Tonga,TON,2020,14.285714
Tonga,TON,2021,12.5
Trinidad and Tobago,TTO,2015,0.11111111
Trinidad and Tobago,TTO,2016,0.11286682
Trinidad and Tobago,TTO,2017,0.11402508
Trinidad and Tobago,TTO,2018,0.11520737
Trinidad and Tobago,TTO,2019,0.11574074
Trinidad and Tobago,TTO,2020,0.12180268
Trinidad and Tobago,TTO,2021,0.11454754
Tunisia,TUN,2012,0.059523813
Tunisia,TUN,2013,0.11709602
Tunisia,TUN,2014,0.16797312
Tunisia,TUN,2015,0.32697546
Tunisia,TUN,2016,0.59491616
Tunisia,TUN,2017,0.6781429
Tunisia,TUN,2018,0.87090164
Tunisia,TUN,2019,1.2165451
Tunisia,TUN,2020,1.6853932
Tunisia,TUN,2021,1.9589106
Turkey,TUR,2014,0.007948494
Turkey,TUR,2015,0.07271614
Turkey,TUR,2016,0.37999195
Turkey,TUR,2017,0.9749351
Turkey,TUR,2018,2.5669718
Turkey,TUR,2019,3.0549226
Turkey,TUR,2020,3.5852268
Turkey,TUR,2021,3.915117
Uganda,UGA,2006,0.6369426
Uganda,UGA,2007,0.5076142
Uganda,UGA,2008,0.862069
Uganda,UGA,2009,0.8333333
Uganda,UGA,2010,0.7434944
Uganda,UGA,2011,0.7662836
Uganda,UGA,2012,1.5306122
Uganda,UGA,2013,1.1583012
Uganda,UGA,2014,1.0676156
Uganda,UGA,2015,1.0452962
Uganda,UGA,2016,1.061008
Uganda,UGA,2017,1.5345268
Uganda,UGA,2018,1.6203703
Uganda,UGA,2019,2.7777777
Uganda,UGA,2020,2.6966293
Uganda,UGA,2021,3.409091
Ukraine,UKR,2011,0.015388561
Ukraine,UKR,2012,0.1663642
Ukraine,UKR,2013,0.29425427
Ukraine,UKR,2014,0.23628971
Ukraine,UKR,2015,0.2969562
Ukraine,UKR,2016,0.3008719
Ukraine,UKR,2017,0.47921255
Ukraine,UKR,2018,0.69519055
Ukraine,UKR,2019,1.9192977
Ukraine,UKR,2020,4.02671
Ukraine,UKR,2021,3.8338041
United Arab Emirates,ARE,2009,0.012061271
United Arab Emirates,ARE,2010,0.022642363
United Arab Emirates,ARE,2011,0.032181934
United Arab Emirates,ARE,2012,0.020030046
United Arab Emirates,ARE,2013,0.077361956
United Arab Emirates,ARE,2014,0.2737976
United Arab Emirates,ARE,2015,0.250501
United Arab Emirates,ARE,2016,0.25441116
United Arab Emirates,ARE,2017,0.5847953
United Arab Emirates,ARE,2018,1.0239975
United Arab Emirates,ARE,2019,2.923255
United Arab Emirates,ARE,2020,4.3382063
United Arab Emirates,ARE,2021,4.932537
United Kingdom,GBR,1985,0.0003388589
United Kingdom,GBR,1986,0.00033550258
United Kingdom,GBR,1988,0.00032707877
United Kingdom,GBR,2005,0.0025289564
United Kingdom,GBR,2006,0.0025416836
United Kingdom,GBR,2007,0.0025446587
United Kingdom,GBR,2008,0.005196965
United Kingdom,GBR,2009,0.0053607807
United Kingdom,GBR,2010,0.010556596
United Kingdom,GBR,2011,0.06574262
United Kingdom,GBR,2012,0.37407517
United Kingdom,GBR,2013,0.56559175
United Kingdom,GBR,2014,1.208198
United Kingdom,GBR,2015,2.2454822
United Kingdom,GBR,2016,3.092661
United Kingdom,GBR,2017,3.4198747
United Kingdom,GBR,2018,3.8547654
United Kingdom,GBR,2019,4.0167885
United Kingdom,GBR,2020,4.3335395
United Kingdom,GBR,2021,4.0597734
United States,USA,1985,0.00040409362
United States,USA,1986,0.00052963896
United States,USA,1987,0.00038247634
United States,USA,1988,0.00031518372
United States,USA,1989,0.008022067
United States,USA,1990,0.011469849
United States,USA,1991,0.014622231
United States,USA,1992,0.01244811
United States,USA,1993,0.013956148
United States,USA,1994,0.014511175
United States,USA,1995,0.01442175
United States,USA,1996,0.014777073
United States,USA,1997,0.014333735
United States,USA,1998,0.013606987
United States,USA,1999,0.013168934
United States,USA,2000,0.012887615
United States,USA,2001,0.01448665
United States,USA,2002,0.014307156
United States,USA,2003,0.013698841
United States,USA,2004,0.014676299
United States,USA,2005,0.013630765
United States,USA,2006,0.012602114
United States,USA,2007,0.014725159
United States,USA,2008,0.020937158
United States,USA,2009,0.022589864
United States,USA,2010,0.029412193
United States,USA,2011,0.044511072
United States,USA,2012,0.10716045
United States,USA,2013,0.2229011
United States,USA,2014,0.706053
United States,USA,2015,0.95568305
United States,USA,2016,1.3423656
United States,USA,2017,1.9070604
United States,USA,2018,2.2220373
United States,USA,2019,2.5704722
United States,USA,2020,3.2330987
United States,USA,2021,3.9598093
United States Virgin Islands,VIR,2014,1.4285715
United States Virgin Islands,VIR,2015,1.4492754
United States Virgin Islands,VIR,2016,1.4705882
United States Virgin Islands,VIR,2017,1.8867925
United States Virgin Islands,VIR,2018,1.6393442
United States Virgin Islands,VIR,2019,1.6129032
United States Virgin Islands,VIR,2020,1.5625
United States Virgin Islands,VIR,2021,2.857143
Uzbekistan,UZB,2017,0.017223561
Uzbekistan,UZB,2018,0.016826518
Uzbekistan,UZB,2019,0.016636167
Uzbekistan,UZB,2020,0.017873101
Uzbekistan,UZB,2021,0.01688904
Vanuatu,VUT,2018,14.285714
Vanuatu,VUT,2019,14.285714
Vanuatu,VUT,2020,14.285714
Vanuatu,VUT,2021,14.285714
Venezuela,VEN,2015,0.008389262
Venezuela,VEN,2016,0.009552923
Venezuela,VEN,2017,0.009880447
Venezuela,VEN,2018,0.010280662
Venezuela,VEN,2019,0.012040939
Venezuela,VEN,2020,0.010612331
Venezuela,VEN,2021,0.01055409
Vietnam,VNM,2010,0.0109027475
Vietnam,VNM,2011,0.009851246
Vietnam,VNM,2012,0.008684325
Vietnam,VNM,2013,0.00803471
Vietnam,VNM,2014,0.007079646
Vietnam,VNM,2015,0.0063311174
Vietnam,VNM,2016,0.0056899004
Vietnam,VNM,2017,0.0052192067
Vietnam,VNM,2018,0.04780343
Vietnam,VNM,2019,2.308504
Vietnam,VNM,2020,4.6134243
Vietnam,VNM,2021,10.528251
World,OWID_WRL,1985,0.00011886364
World,OWID_WRL,1986,0.00014918244
World,OWID_WRL,1987,0.000099391924
World,OWID_WRL,1988,0.00009154247
World,OWID_WRL,1989,0.0022494982
World,OWID_WRL,1990,0.0032463195
World,OWID_WRL,1991,0.0041333283
World,OWID_WRL,1992,0.0037823354
World,OWID_WRL,1993,0.0044184383
World,OWID_WRL,1994,0.004619495
World,OWID_WRL,1995,0.004773508
World,OWID_WRL,1996,0.0050677867
World,OWID_WRL,1997,0.005305333
World,OWID_WRL,1998,0.005594256
World,OWID_WRL,1999,0.0060646986
World,OWID_WRL,2000,0.007213514
World,OWID_WRL,2001,0.008883648
World,OWID_WRL,2002,0.010741542
World,OWID_WRL,2003,0.012705661
World,OWID_WRL,2004,0.015854184
World,OWID_WRL,2005,0.021279015
World,OWID_WRL,2006,0.02766376
World,OWID_WRL,2007,0.035748027
World,OWID_WRL,2008,0.057781916
World,OWID_WRL,2009,0.09810096
World,OWID_WRL,2010,0.14829114
World,OWID_WRL,2011,0.28561994
World,OWID_WRL,2012,0.42931426
World,OWID_WRL,2013,0.5761882
World,OWID_WRL,2014,0.8387415
World,OWID_WRL,2015,1.077193
World,OWID_WRL,2016,1.3548161
World,OWID_WRL,2017,1.7762524
World,OWID_WRL,2018,2.192616
World,OWID_WRL,2019,2.6594265
World,OWID_WRL,2020,3.242978
World,OWID_WRL,2021,3.7410913
Yemen,YEM,2014,0.1388889
Yemen,YEM,2015,2.023609
Yemen,YEM,2016,3.539823
Yemen,YEM,2017,4.973822
Yemen,YEM,2018,14.545455
Yemen,YEM,2019,14.035088
Yemen,YEM,2020,15.123457
Yemen,YEM,2021,17.045456
Zambia,ZMB,2019,0.8179959
Zambia,ZMB,2020,0.9933775
Zambia,ZMB,2021,0.8469792
Zimbabwe,ZWE,2015,0.10649627
Zimbabwe,ZWE,2016,0.14662756
Zimbabwe,ZWE,2017,0.13605443
Zimbabwe,ZWE,2018,0.21762787
Zimbabwe,ZWE,2019,0.3640777
Zimbabwe,ZWE,2020,0.39473686
Zimbabwe,ZWE,2021,0.49751243
