Entity,Code,Year,Electricity from solar (TWh)
Afghanistan,AFG,2012,0.03
Afghanistan,AFG,2013,0.03
Afghanistan,AFG,2014,0.03
Afghanistan,AFG,2015,0.03
Afghanistan,AFG,2016,0.04
Afghanistan,AFG,2017,0.04
Afghanistan,AFG,2018,0.04
Afghanistan,AFG,2019,0.05
Afghanistan,AFG,2020,0.06
Afghanistan,AFG,2021,0.08
Albania,ALB,2019,0.02
Albania,ALB,2020,0.03
Algeria,DZA,2015,0.06
Algeria,DZA,2016,0.09
Algeria,DZA,2017,0.57
Algeria,DZA,2018,0.65
Algeria,DZA,2019,0.68
Algeria,DZA,2020,0.66
Algeria,DZA,2021,0.81
Angola,AGO,2010,0.01
Angola,AGO,2011,0.01
Angola,AGO,2012,0.01
Angola,AGO,2013,0.01
Angola,AGO,2014,0.02
Angola,AGO,2015,0.02
Angola,AGO,2016,0.02
Angola,AGO,2017,0.02
Angola,AGO,2018,0.02
Angola,AGO,2019,0.02
Angola,AGO,2020,0.02
Angola,AGO,2021,0.02
Antigua and Barbuda,ATG,2015,0.01
Antigua and Barbuda,ATG,2017,0.01
Antigua and Barbuda,ATG,2018,0.01
Antigua and Barbuda,ATG,2019,0.01
Antigua and Barbuda,ATG,2020,0.02
Antigua and Barbuda,ATG,2021,0.02
Argentina,ARG,1998,0.000017
Argentina,ARG,1999,0.000026
Argentina,ARG,2012,0.01
Argentina,ARG,2013,0.01
Argentina,ARG,2014,0.02
Argentina,ARG,2015,0.01
Argentina,ARG,2016,0.01
Argentina,ARG,2017,0.02
Argentina,ARG,2018,0.11
Argentina,ARG,2019,0.79
Argentina,ARG,2020,1.33
Argentina,ARG,2021,2.17
Armenia,ARM,2018,0.02
Armenia,ARM,2019,0.06
Armenia,ARM,2020,0.14
Armenia,ARM,2021,0.09
Aruba,ABW,2014,0.01
Aruba,ABW,2015,0.01
Aruba,ABW,2016,0.01
Aruba,ABW,2017,0.01
Aruba,ABW,2018,0.01
Aruba,ABW,2019,0.01
Aruba,ABW,2020,0.01
Aruba,ABW,2021,0.01
Australia,AUS,1991,0.00545
Australia,AUS,1992,0.0121
Australia,AUS,1993,0.0146
Australia,AUS,1994,0.0174
Australia,AUS,1995,0.02115
Australia,AUS,1996,0.0256
Australia,AUS,1997,0.03065
Australia,AUS,1998,0.0356
Australia,AUS,1999,0.0406
Australia,AUS,2000,0.04
Australia,AUS,2001,0.04
Australia,AUS,2002,0.05
Australia,AUS,2003,0.06
Australia,AUS,2004,0.07
Australia,AUS,2005,0.08
Australia,AUS,2006,0.09
Australia,AUS,2007,0.11
Australia,AUS,2008,0.13
Australia,AUS,2009,0.16
Australia,AUS,2010,0.39
Australia,AUS,2011,1.39
Australia,AUS,2012,2.33
Australia,AUS,2013,3.48
Australia,AUS,2014,4.01
Australia,AUS,2015,5.02
Australia,AUS,2016,6.21
Australia,AUS,2017,8.07
Australia,AUS,2018,9.93
Australia,AUS,2019,14.85
Australia,AUS,2020,23.85
Australia,AUS,2021,28.04
Austria,AUT,2001,0.01
Austria,AUT,2002,0.01
Austria,AUT,2003,0.01
Austria,AUT,2004,0.02
Austria,AUT,2005,0.02
Austria,AUT,2006,0.02
Austria,AUT,2007,0.02
Austria,AUT,2008,0.03
Austria,AUT,2009,0.05
Austria,AUT,2010,0.09
Austria,AUT,2011,0.17
Austria,AUT,2012,0.34
Austria,AUT,2013,0.63
Austria,AUT,2014,0.79
Austria,AUT,2015,0.94
Austria,AUT,2016,1.1
Austria,AUT,2017,1.27
Austria,AUT,2018,1.46
Austria,AUT,2019,1.7
Austria,AUT,2020,2.04
Austria,AUT,2021,2.78
Austria,AUT,2022,2.73
Azerbaijan,AZE,2016,0.04
Azerbaijan,AZE,2017,0.04
Azerbaijan,AZE,2018,0.04
Azerbaijan,AZE,2019,0.04
Azerbaijan,AZE,2020,0.05
Azerbaijan,AZE,2021,0.05
Bahrain,BHR,2014,0.01
Bahrain,BHR,2015,0.01
Bahrain,BHR,2016,0.01
Bahrain,BHR,2017,0.01
Bahrain,BHR,2018,0.01
Bahrain,BHR,2019,0.01
Bahrain,BHR,2020,0.01
Bahrain,BHR,2021,0.01
Bangladesh,BGD,2006,0.01
Bangladesh,BGD,2007,0.02
Bangladesh,BGD,2008,0.02
Bangladesh,BGD,2009,0.03
Bangladesh,BGD,2010,0.07
Bangladesh,BGD,2011,0.06
Bangladesh,BGD,2012,0.09
Bangladesh,BGD,2013,0.13
Bangladesh,BGD,2014,0.16
Bangladesh,BGD,2015,0.2
Bangladesh,BGD,2016,0.22
Bangladesh,BGD,2017,0.25
Bangladesh,BGD,2018,0.28
Bangladesh,BGD,2019,0.33
Bangladesh,BGD,2020,0.39
Bangladesh,BGD,2021,0.47
Barbados,BRB,2014,0.01
Barbados,BRB,2015,0.01
Barbados,BRB,2016,0.02
Barbados,BRB,2017,0.03
Barbados,BRB,2018,0.03
Barbados,BRB,2019,0.04
Barbados,BRB,2020,0.07
Barbados,BRB,2021,0.08
Belarus,BLR,2015,0.01
Belarus,BLR,2016,0.03
Belarus,BLR,2017,0.09
Belarus,BLR,2018,0.18
Belarus,BLR,2019,0.18
Belarus,BLR,2020,0.18
Belarus,BLR,2021,0.18
Belgium,BEL,2007,0.01
Belgium,BEL,2008,0.04
Belgium,BEL,2009,0.17
Belgium,BEL,2010,0.56
Belgium,BEL,2011,1.17
Belgium,BEL,2012,2.15
Belgium,BEL,2013,2.64
Belgium,BEL,2014,2.89
Belgium,BEL,2015,3.06
Belgium,BEL,2016,3.1
Belgium,BEL,2017,3.31
Belgium,BEL,2018,3.9
Belgium,BEL,2019,4.25
Belgium,BEL,2020,5.11
Belgium,BEL,2021,5.62
Belgium,BEL,2022,7.35
Belize,BLZ,2019,0.01
Belize,BLZ,2020,0.01
Belize,BLZ,2021,0.01
Benin,BEN,2019,0.01
Benin,BEN,2020,0.01
Benin,BEN,2021,0.01
Bolivia,BOL,2014,0.01
Bolivia,BOL,2016,0.01
Bolivia,BOL,2017,0.01
Bolivia,BOL,2018,0.13
Bolivia,BOL,2019,0.19
Bolivia,BOL,2020,0.33
Bolivia,BOL,2021,0.47
Bosnia and Herzegovina,BIH,2014,0.01
Bosnia and Herzegovina,BIH,2015,0.01
Bosnia and Herzegovina,BIH,2016,0.02
Bosnia and Herzegovina,BIH,2017,0.02
Bosnia and Herzegovina,BIH,2018,0.02
Bosnia and Herzegovina,BIH,2019,0.03
Bosnia and Herzegovina,BIH,2020,0.05
Bosnia and Herzegovina,BIH,2021,0.07
Botswana,BWA,2018,0.01
Botswana,BWA,2019,0.01
Botswana,BWA,2020,0.01
Botswana,BWA,2021,0.01
Brazil,BRA,2014,0.02
Brazil,BRA,2015,0.06
Brazil,BRA,2016,0.08
Brazil,BRA,2017,0.83
Brazil,BRA,2018,3.44
Brazil,BRA,2019,6.59
Brazil,BRA,2020,10.64
Brazil,BRA,2021,16.75
Bulgaria,BGR,2010,0.01
Bulgaria,BGR,2011,0.1
Bulgaria,BGR,2012,0.78
Bulgaria,BGR,2013,1.39
Bulgaria,BGR,2014,1.26
Bulgaria,BGR,2015,1.38
Bulgaria,BGR,2016,1.39
Bulgaria,BGR,2017,1.4
Bulgaria,BGR,2018,1.34
Bulgaria,BGR,2019,1.42
Bulgaria,BGR,2020,1.47
Bulgaria,BGR,2021,1.47
Bulgaria,BGR,2022,1.72
Burkina Faso,BFA,2010,0.01
Burkina Faso,BFA,2011,0.01
Burkina Faso,BFA,2012,0.01
Burkina Faso,BFA,2013,0.01
Burkina Faso,BFA,2014,0.01
Burkina Faso,BFA,2015,0.01
Burkina Faso,BFA,2016,0.02
Burkina Faso,BFA,2017,0.03
Burkina Faso,BFA,2018,0.1
Burkina Faso,BFA,2019,0.1
Burkina Faso,BFA,2020,0.1
Burkina Faso,BFA,2021,0.12
Burundi,BDI,2016,0.01
Burundi,BDI,2017,0.01
Burundi,BDI,2018,0.01
Burundi,BDI,2019,0.01
Burundi,BDI,2020,0.01
Burundi,BDI,2021,0.01
Cambodia,KHM,2012,0.01
Cambodia,KHM,2013,0.01
Cambodia,KHM,2014,0.01
Cambodia,KHM,2015,0.02
Cambodia,KHM,2016,0.03
Cambodia,KHM,2017,0.03
Cambodia,KHM,2018,0.04
Cambodia,KHM,2019,0.12
Cambodia,KHM,2020,0.31
Cambodia,KHM,2021,0.37
Cameroon,CMR,2014,0.01
Cameroon,CMR,2015,0.01
Cameroon,CMR,2016,0.01
Cameroon,CMR,2017,0.02
Cameroon,CMR,2018,0.02
Cameroon,CMR,2019,0.02
Cameroon,CMR,2020,0.02
Cameroon,CMR,2021,0.02
Canada,CAN,1992,0.002052632
Canada,CAN,1993,0.002052632
Canada,CAN,1994,0.002052632
Canada,CAN,1995,0.003842105
Canada,CAN,1996,0.005894737
Canada,CAN,1997,0.006947368
Canada,CAN,1998,0.010105263
Canada,CAN,1999,0.013263158
Canada,CAN,2000,0.02
Canada,CAN,2001,0.02
Canada,CAN,2002,0.02
Canada,CAN,2003,0.02
Canada,CAN,2004,0.01
Canada,CAN,2005,0.02
Canada,CAN,2006,0.02
Canada,CAN,2007,0.03
Canada,CAN,2008,0.04
Canada,CAN,2009,0.1
Canada,CAN,2010,0.25
Canada,CAN,2011,0.57
Canada,CAN,2012,0.87
Canada,CAN,2013,1.48
Canada,CAN,2014,2.1
Canada,CAN,2015,2.87
Canada,CAN,2016,3.99
Canada,CAN,2017,3.54
Canada,CAN,2018,3.76
Canada,CAN,2019,4.04
Canada,CAN,2020,4.24
Canada,CAN,2021,5.11
Cape Verde,CPV,2011,0.01
Cape Verde,CPV,2012,0.01
Cape Verde,CPV,2013,0.01
Cape Verde,CPV,2014,0.01
Cape Verde,CPV,2015,0.01
Cape Verde,CPV,2016,0.01
Cape Verde,CPV,2017,0.01
Cape Verde,CPV,2018,0.01
Cape Verde,CPV,2019,0.01
Cape Verde,CPV,2020,0.01
Cape Verde,CPV,2021,0.01
Cayman Islands,CYM,2017,0.01
Cayman Islands,CYM,2018,0.01
Cayman Islands,CYM,2019,0.02
Cayman Islands,CYM,2020,0.02
Cayman Islands,CYM,2021,0.02
Chile,CHL,2013,0.01
Chile,CHL,2014,0.46
Chile,CHL,2015,1.37
Chile,CHL,2016,2.56
Chile,CHL,2017,3.9
Chile,CHL,2018,5.45
Chile,CHL,2019,6.38
Chile,CHL,2020,7.64
Chile,CHL,2021,10.79
China,CHN,1990,0.002
China,CHN,1991,0.002
China,CHN,1992,0.003
China,CHN,1993,0.004
China,CHN,1994,0.005
China,CHN,1995,0.007
China,CHN,1996,0.009
China,CHN,1997,0.011
China,CHN,1998,0.014
China,CHN,1999,0.017
China,CHN,2000,0.02
China,CHN,2001,0.03
China,CHN,2002,0.05
China,CHN,2003,0.06
China,CHN,2004,0.08
China,CHN,2005,0.08
China,CHN,2006,0.09
China,CHN,2007,0.11
China,CHN,2008,0.15
China,CHN,2009,0.28
China,CHN,2010,0.7
China,CHN,2011,2.61
China,CHN,2012,3.59
China,CHN,2013,8.37
China,CHN,2014,23.51
China,CHN,2015,39.48
China,CHN,2016,66.53
China,CHN,2017,117.8
China,CHN,2018,176.9
China,CHN,2019,224
China,CHN,2020,261.1
China,CHN,2021,327
Colombia,COL,2000,0.01
Colombia,COL,2001,0.01
Colombia,COL,2002,0.01
Colombia,COL,2003,0.01
Colombia,COL,2004,0.01
Colombia,COL,2005,0.01
Colombia,COL,2006,0.01
Colombia,COL,2007,0.01
Colombia,COL,2008,0.01
Colombia,COL,2009,0.01
Colombia,COL,2010,0.01
Colombia,COL,2011,0.01
Colombia,COL,2012,0.01
Colombia,COL,2013,0.01
Colombia,COL,2014,0.01
Colombia,COL,2015,0.01
Colombia,COL,2016,0.01
Colombia,COL,2017,0.01
Colombia,COL,2018,0.02
Colombia,COL,2019,0.13
Colombia,COL,2020,0.19
Colombia,COL,2021,0.32
Cook Islands,COK,2017,0.01
Cook Islands,COK,2018,0.02
Cook Islands,COK,2019,0.01
Cook Islands,COK,2020,0.01
Cook Islands,COK,2021,0.02
Costa Rica,CRI,2012,0.01
Costa Rica,CRI,2013,0.02
Costa Rica,CRI,2014,0.02
Costa Rica,CRI,2015,0.03
Costa Rica,CRI,2016,0.03
Costa Rica,CRI,2017,0.04
Costa Rica,CRI,2018,0.06
Costa Rica,CRI,2019,0.08
Costa Rica,CRI,2020,0.08
Costa Rica,CRI,2021,0.06
Cote d'Ivoire,CIV,2017,0.01
Cote d'Ivoire,CIV,2018,0.01
Cote d'Ivoire,CIV,2019,0.01
Cote d'Ivoire,CIV,2020,0.01
Cote d'Ivoire,CIV,2021,0.01
Croatia,HRV,2013,0.01
Croatia,HRV,2014,0.04
Croatia,HRV,2015,0.06
Croatia,HRV,2016,0.07
Croatia,HRV,2017,0.08
Croatia,HRV,2018,0.07
Croatia,HRV,2019,0.08
Croatia,HRV,2020,0.1
Croatia,HRV,2021,0.15
Croatia,HRV,2022,0.15
Cuba,CUB,2012,0.01
Cuba,CUB,2013,0.11
Cuba,CUB,2014,0.09
Cuba,CUB,2015,0.13
Cuba,CUB,2016,0.14
Cuba,CUB,2017,0.08
Cuba,CUB,2018,0.16
Cuba,CUB,2019,0.23
Cuba,CUB,2020,0.24
Cuba,CUB,2021,0.26
Cyprus,CYP,2010,0.01
Cyprus,CYP,2011,0.01
Cyprus,CYP,2012,0.02
Cyprus,CYP,2013,0.05
Cyprus,CYP,2014,0.08
Cyprus,CYP,2015,0.13
Cyprus,CYP,2016,0.15
Cyprus,CYP,2017,0.17
Cyprus,CYP,2018,0.2
Cyprus,CYP,2019,0.22
Cyprus,CYP,2020,0.3
Cyprus,CYP,2021,0.47
Cyprus,CYP,2022,0.62
Czechia,CZE,2008,0.01
Czechia,CZE,2009,0.09
Czechia,CZE,2010,0.62
Czechia,CZE,2011,2.18
Czechia,CZE,2012,2.15
Czechia,CZE,2013,2.03
Czechia,CZE,2014,2.12
Czechia,CZE,2015,2.26
Czechia,CZE,2016,2.13
Czechia,CZE,2017,2.2
Czechia,CZE,2018,2.36
Czechia,CZE,2019,2.34
Czechia,CZE,2020,2.34
Czechia,CZE,2021,2.32
Czechia,CZE,2022,2.51
Democratic Republic of Congo,COD,2017,0.01
Democratic Republic of Congo,COD,2018,0.01
Democratic Republic of Congo,COD,2019,0.01
Democratic Republic of Congo,COD,2020,0.01
Democratic Republic of Congo,COD,2021,0.01
Denmark,DNK,2010,0.01
Denmark,DNK,2011,0.01
Denmark,DNK,2012,0.1
Denmark,DNK,2013,0.52
Denmark,DNK,2014,0.6
Denmark,DNK,2015,0.6
Denmark,DNK,2016,0.74
Denmark,DNK,2017,0.75
Denmark,DNK,2018,0.95
Denmark,DNK,2019,0.96
Denmark,DNK,2020,1.18
Denmark,DNK,2021,1.31
Denmark,DNK,2022,1.99
Dominican Republic,DOM,2013,0.01
Dominican Republic,DOM,2014,0.02
Dominican Republic,DOM,2015,0.03
Dominican Republic,DOM,2016,0.08
Dominican Republic,DOM,2017,0.14
Dominican Republic,DOM,2018,0.23
Dominican Republic,DOM,2019,0.36
Dominican Republic,DOM,2020,0.43
Dominican Republic,DOM,2021,0.53
Ecuador,ECU,2014,0.02
Ecuador,ECU,2015,0.04
Ecuador,ECU,2016,0.04
Ecuador,ECU,2017,0.04
Ecuador,ECU,2018,0.04
Ecuador,ECU,2019,0.04
Ecuador,ECU,2020,0.04
Ecuador,ECU,2021,0.04
Egypt,EGY,2010,0.21
Egypt,EGY,2011,0.22
Egypt,EGY,2012,0.24
Egypt,EGY,2013,0.11
Egypt,EGY,2014,0.24
Egypt,EGY,2015,0.17
Egypt,EGY,2016,0.58
Egypt,EGY,2017,0.6
Egypt,EGY,2018,1.52
Egypt,EGY,2019,4.43
Egypt,EGY,2020,4.51
Egypt,EGY,2021,4.8
El Salvador,SLV,2013,0.01
El Salvador,SLV,2014,0.02
El Salvador,SLV,2015,0.03
El Salvador,SLV,2016,0.04
El Salvador,SLV,2017,0.19
El Salvador,SLV,2018,0.31
El Salvador,SLV,2019,0.5
El Salvador,SLV,2020,0.91
El Salvador,SLV,2021,1.11
Eritrea,ERI,2017,0.01
Eritrea,ERI,2018,0.01
Eritrea,ERI,2019,0.01
Eritrea,ERI,2020,0.01
Eritrea,ERI,2021,0.01
Estonia,EST,2016,0.01
Estonia,EST,2017,0.01
Estonia,EST,2018,0.03
Estonia,EST,2019,0.07
Estonia,EST,2020,0.25
Estonia,EST,2021,0.35
Estonia,EST,2022,0.53
Ethiopia,ETH,2013,0.01
Ethiopia,ETH,2014,0.02
Ethiopia,ETH,2015,0.02
Ethiopia,ETH,2016,0.02
Ethiopia,ETH,2017,0.02
Ethiopia,ETH,2018,0.02
Ethiopia,ETH,2019,0.02
Ethiopia,ETH,2020,0.03
Ethiopia,ETH,2021,0.04
Finland,FIN,2011,0.01
Finland,FIN,2012,0.01
Finland,FIN,2013,0.01
Finland,FIN,2014,0.01
Finland,FIN,2015,0.01
Finland,FIN,2016,0.02
Finland,FIN,2017,0.05
Finland,FIN,2018,0.09
Finland,FIN,2019,0.15
Finland,FIN,2020,0.22
Finland,FIN,2021,0.3
Finland,FIN,2022,0.3
France,FRA,2000,0.01
France,FRA,2001,0.01
France,FRA,2002,0.01
France,FRA,2003,0.01
France,FRA,2004,0.01
France,FRA,2005,0.01
France,FRA,2006,0.01
France,FRA,2007,0.02
France,FRA,2008,0.04
France,FRA,2009,0.17
France,FRA,2010,0.62
France,FRA,2011,2.33
France,FRA,2012,4.43
France,FRA,2013,5.19
France,FRA,2014,6.39
France,FRA,2015,7.75
France,FRA,2016,8.66
France,FRA,2017,9.59
France,FRA,2018,10.92
France,FRA,2019,12.33
France,FRA,2020,13.46
France,FRA,2021,15.73
France,FRA,2022,19.98
French Guiana,GUF,2011,0.04
French Polynesia,PYF,2011,0.01
French Polynesia,PYF,2012,0.01
French Polynesia,PYF,2013,0.02
French Polynesia,PYF,2014,0.03
French Polynesia,PYF,2015,0.03
French Polynesia,PYF,2016,0.03
French Polynesia,PYF,2017,0.04
French Polynesia,PYF,2018,0.04
French Polynesia,PYF,2019,0.04
French Polynesia,PYF,2020,0.04
French Polynesia,PYF,2021,0.05
Germany,DEU,1994,0.01
Germany,DEU,1995,0.01
Germany,DEU,1996,0.01
Germany,DEU,1997,0.02
Germany,DEU,1998,0.04
Germany,DEU,1999,0.03
Germany,DEU,2000,0.06
Germany,DEU,2001,0.12
Germany,DEU,2002,0.19
Germany,DEU,2003,0.31
Germany,DEU,2004,0.56
Germany,DEU,2005,1.28
Germany,DEU,2006,2.22
Germany,DEU,2007,3.08
Germany,DEU,2008,4.42
Germany,DEU,2009,6.58
Germany,DEU,2010,11.73
Germany,DEU,2011,19.6
Germany,DEU,2012,26.38
Germany,DEU,2013,31.01
Germany,DEU,2014,36.06
Germany,DEU,2015,38.73
Germany,DEU,2016,38.1
Germany,DEU,2017,39.4
Germany,DEU,2018,43.46
Germany,DEU,2019,44.38
Germany,DEU,2020,49.5
Germany,DEU,2021,49.34
Germany,DEU,2022,58.98
Ghana,GHA,2016,0.03
Ghana,GHA,2017,0.03
Ghana,GHA,2018,0.03
Ghana,GHA,2019,0.05
Ghana,GHA,2020,0.06
Ghana,GHA,2021,0.06
Greece,GRC,2008,0.01
Greece,GRC,2009,0.05
Greece,GRC,2010,0.16
Greece,GRC,2011,0.61
Greece,GRC,2012,1.69
Greece,GRC,2013,3.65
Greece,GRC,2014,3.79
Greece,GRC,2015,3.9
Greece,GRC,2016,3.93
Greece,GRC,2017,3.99
Greece,GRC,2018,3.79
Greece,GRC,2019,4.43
Greece,GRC,2020,4.45
Greece,GRC,2021,5.25
Greece,GRC,2022,6.62
Guadeloupe,GLP,2010,0.02
Guadeloupe,GLP,2011,0.03
Guam,GUM,2015,0.03
Guam,GUM,2016,0.07
Guam,GUM,2017,0.06
Guam,GUM,2018,0.07
Guam,GUM,2019,0.07
Guam,GUM,2020,0.07
Guam,GUM,2021,0.08
Guatemala,GTM,2014,0.01
Guatemala,GTM,2015,0.16
Guatemala,GTM,2016,0.19
Guatemala,GTM,2017,0.2
Guatemala,GTM,2018,0.2
Guatemala,GTM,2019,0.23
Guatemala,GTM,2020,0.22
Guatemala,GTM,2021,0.23
Guinea,GIN,2015,0.02
Guinea,GIN,2016,0.02
Guinea,GIN,2017,0.02
Guinea,GIN,2018,0.02
Guinea,GIN,2019,0.02
Guinea,GIN,2020,0.02
Guinea,GIN,2021,0.02
Guyana,GUY,2018,0.01
Guyana,GUY,2019,0.01
Guyana,GUY,2020,0.01
Guyana,GUY,2021,0.01
Honduras,HND,2012,0.01
Honduras,HND,2013,0.01
Honduras,HND,2014,0.01
Honduras,HND,2015,0.43
Honduras,HND,2016,0.89
Honduras,HND,2017,0.93
Honduras,HND,2018,1
Honduras,HND,2019,1.12
Honduras,HND,2020,1.05
Honduras,HND,2021,1.28
Hong Kong,HKG,2017,0.01
Hong Kong,HKG,2018,0.01
Hong Kong,HKG,2019,0.02
Hong Kong,HKG,2020,0.02
Hong Kong,HKG,2021,0.02
Hungary,HUN,2012,0.01
Hungary,HUN,2013,0.02
Hungary,HUN,2014,0.07
Hungary,HUN,2015,0.14
Hungary,HUN,2016,0.24
Hungary,HUN,2017,0.35
Hungary,HUN,2018,0.63
Hungary,HUN,2019,1.5
Hungary,HUN,2020,2.46
Hungary,HUN,2021,3.8
Hungary,HUN,2022,4.47
India,IND,1995,0.001010101
India,IND,1996,0.006060606
India,IND,1997,0.006060606
India,IND,1998,0.006060606
India,IND,1999,0.006060606
India,IND,2000,0.01
India,IND,2001,0.01
India,IND,2002,0.01
India,IND,2003,0.02
India,IND,2004,0.02
India,IND,2005,0.02
India,IND,2006,0.01
India,IND,2007,0.06
India,IND,2008,0.06
India,IND,2009,0.08
India,IND,2010,0.11
India,IND,2011,0.83
India,IND,2012,2.1
India,IND,2013,3.43
India,IND,2014,4.91
India,IND,2015,6.57
India,IND,2016,11.56
India,IND,2017,21.54
India,IND,2018,36.33
India,IND,2019,46.27
India,IND,2020,58.68
India,IND,2021,68.31
Indonesia,IDN,2013,0.01
Indonesia,IDN,2014,0.01
Indonesia,IDN,2015,0.01
Indonesia,IDN,2016,0.02
Indonesia,IDN,2017,0.03
Indonesia,IDN,2018,0.09
Indonesia,IDN,2019,0.12
Indonesia,IDN,2020,0.17
Indonesia,IDN,2021,0.19
Iran,IRN,2017,0.09
Iran,IRN,2018,0.22
Iran,IRN,2019,0.51
Iran,IRN,2020,0.64
Iran,IRN,2021,0.67
Iraq,IRQ,2013,0.05
Iraq,IRQ,2014,0.06
Iraq,IRQ,2015,0.06
Iraq,IRQ,2016,0.06
Iraq,IRQ,2017,0.06
Iraq,IRQ,2018,0.38
Iraq,IRQ,2019,0.38
Iraq,IRQ,2020,0.38
Iraq,IRQ,2021,0.38
Ireland,IRL,2016,0.01
Ireland,IRL,2017,0.01
Ireland,IRL,2018,0.02
Ireland,IRL,2019,0.04
Ireland,IRL,2020,0.06
Ireland,IRL,2021,0.09
Ireland,IRL,2022,0.09
Israel,ISR,2009,0.02
Israel,ISR,2010,0.07
Israel,ISR,2011,0.19
Israel,ISR,2012,0.37
Israel,ISR,2013,0.49
Israel,ISR,2014,0.88
Israel,ISR,2015,1.12
Israel,ISR,2016,1.54
Israel,ISR,2017,1.51
Israel,ISR,2018,1.57
Israel,ISR,2019,2.61
Israel,ISR,2020,3.53
Israel,ISR,2021,4.64
Italy,ITA,1989,0.002020202
Italy,ITA,1992,0.01
Italy,ITA,1993,0.01
Italy,ITA,1994,0.01
Italy,ITA,1995,0.01
Italy,ITA,1996,0.01
Italy,ITA,1997,0.01
Italy,ITA,1998,0.02
Italy,ITA,1999,0.02
Italy,ITA,2000,0.02
Italy,ITA,2001,0.02
Italy,ITA,2002,0.02
Italy,ITA,2003,0.02
Italy,ITA,2004,0.03
Italy,ITA,2005,0.03
Italy,ITA,2006,0.04
Italy,ITA,2007,0.04
Italy,ITA,2008,0.19
Italy,ITA,2009,0.68
Italy,ITA,2010,1.91
Italy,ITA,2011,10.8
Italy,ITA,2012,18.86
Italy,ITA,2013,21.59
Italy,ITA,2014,22.31
Italy,ITA,2015,22.94
Italy,ITA,2016,22.1
Italy,ITA,2017,24.38
Italy,ITA,2018,22.65
Italy,ITA,2019,23.69
Italy,ITA,2020,24.94
Italy,ITA,2021,25.04
Italy,ITA,2022,27.73
Jamaica,JAM,2014,0.01
Jamaica,JAM,2015,0.01
Jamaica,JAM,2016,0.01
Jamaica,JAM,2017,0.04
Jamaica,JAM,2018,0.05
Jamaica,JAM,2019,0.09
Jamaica,JAM,2020,0.12
Jamaica,JAM,2021,0.15
Japan,JPN,1990,0.001
Japan,JPN,1991,0.001
Japan,JPN,1992,0.0105
Japan,JPN,1993,0.0225
Japan,JPN,1994,0.029
Japan,JPN,1995,0.0395
Japan,JPN,1996,0.0545
Japan,JPN,1997,0.096302845
Japan,JPN,1998,0.14324625
Japan,JPN,1999,0.218025
Japan,JPN,2000,0.35
Japan,JPN,2001,0.47
Japan,JPN,2002,0.67
Japan,JPN,2003,0.9
Japan,JPN,2004,1.19
Japan,JPN,2005,1.49
Japan,JPN,2006,1.79
Japan,JPN,2007,2.02
Japan,JPN,2008,2.25
Japan,JPN,2009,2.76
Japan,JPN,2010,3.54
Japan,JPN,2011,4.84
Japan,JPN,2012,6.61
Japan,JPN,2013,12.88
Japan,JPN,2014,22.95
Japan,JPN,2015,34.8
Japan,JPN,2016,45.76
Japan,JPN,2017,55.07
Japan,JPN,2018,62.67
Japan,JPN,2019,69.38
Japan,JPN,2020,79.09
Japan,JPN,2021,88.7
Jordan,JOR,2015,0.05
Jordan,JOR,2016,0.43
Jordan,JOR,2017,0.91
Jordan,JOR,2018,1.43
Jordan,JOR,2019,2.06
Jordan,JOR,2020,2.87
Jordan,JOR,2021,3.5
Kazakhstan,KAZ,2015,0.05
Kazakhstan,KAZ,2016,0.09
Kazakhstan,KAZ,2017,0.09
Kazakhstan,KAZ,2018,0.14
Kazakhstan,KAZ,2019,0.39
Kazakhstan,KAZ,2020,2.57
Kazakhstan,KAZ,2021,2.96
Kenya,KEN,2011,0.01
Kenya,KEN,2012,0.01
Kenya,KEN,2013,0.03
Kenya,KEN,2014,0.05
Kenya,KEN,2015,0.05
Kenya,KEN,2016,0.06
Kenya,KEN,2017,0.07
Kenya,KEN,2018,0.09
Kenya,KEN,2019,0.09
Kenya,KEN,2020,0.09
Kenya,KEN,2021,0.1
Kosovo,OWID_KOS,2019,0.01
Kosovo,OWID_KOS,2020,0.01
Kuwait,KWT,2016,0.01
Kuwait,KWT,2017,0.01
Kuwait,KWT,2018,0.02
Kuwait,KWT,2019,0.02
Kuwait,KWT,2020,0.02
Kuwait,KWT,2021,0.02
Laos,LAO,2017,0.01
Laos,LAO,2018,0.02
Laos,LAO,2019,0.04
Laos,LAO,2020,0.04
Laos,LAO,2021,0.04
Latvia,LVA,2021,0.01
Latvia,LVA,2022,0.01
Lebanon,LBN,2014,0.01
Lebanon,LBN,2015,0.02
Lebanon,LBN,2016,0.04
Lebanon,LBN,2017,0.06
Lebanon,LBN,2018,0.09
Lebanon,LBN,2019,0.11
Lebanon,LBN,2020,0.12
Lebanon,LBN,2021,0.12
Libya,LBY,2010,0.01
Libya,LBY,2011,0.01
Libya,LBY,2012,0.01
Libya,LBY,2013,0.01
Libya,LBY,2014,0.01
Libya,LBY,2015,0.01
Libya,LBY,2016,0.01
Libya,LBY,2017,0.01
Libya,LBY,2018,0.01
Libya,LBY,2019,0.01
Libya,LBY,2020,0.01
Libya,LBY,2021,0.01
Lithuania,LTU,2013,0.05
Lithuania,LTU,2014,0.07
Lithuania,LTU,2015,0.07
Lithuania,LTU,2016,0.07
Lithuania,LTU,2017,0.07
Lithuania,LTU,2018,0.09
Lithuania,LTU,2019,0.09
Lithuania,LTU,2020,0.13
Lithuania,LTU,2021,0.19
Lithuania,LTU,2022,0.43
Luxembourg,LUX,2004,0.01
Luxembourg,LUX,2005,0.02
Luxembourg,LUX,2006,0.02
Luxembourg,LUX,2007,0.02
Luxembourg,LUX,2008,0.02
Luxembourg,LUX,2009,0.02
Luxembourg,LUX,2010,0.02
Luxembourg,LUX,2011,0.03
Luxembourg,LUX,2012,0.04
Luxembourg,LUX,2013,0.07
Luxembourg,LUX,2014,0.09
Luxembourg,LUX,2015,0.1
Luxembourg,LUX,2016,0.1
Luxembourg,LUX,2017,0.11
Luxembourg,LUX,2018,0.12
Luxembourg,LUX,2019,0.13
Luxembourg,LUX,2020,0.16
Luxembourg,LUX,2021,0.18
Luxembourg,LUX,2022,0.24
Madagascar,MDG,2013,0.01
Madagascar,MDG,2014,0.01
Madagascar,MDG,2015,0.02
Madagascar,MDG,2016,0.02
Madagascar,MDG,2017,0.02
Madagascar,MDG,2018,0.02
Madagascar,MDG,2019,0.02
Madagascar,MDG,2020,0.02
Madagascar,MDG,2021,0.02
Malawi,MWI,2012,0.01
Malawi,MWI,2013,0.01
Malawi,MWI,2014,0.02
Malawi,MWI,2015,0.03
Malawi,MWI,2016,0.03
Malawi,MWI,2017,0.04
Malawi,MWI,2018,0.05
Malawi,MWI,2019,0.17
Malawi,MWI,2020,0.17
Malawi,MWI,2021,0.17
Malaysia,MYS,2012,0.01
Malaysia,MYS,2013,0.14
Malaysia,MYS,2014,0.23
Malaysia,MYS,2015,0.27
Malaysia,MYS,2016,0.31
Malaysia,MYS,2017,0.33
Malaysia,MYS,2018,0.63
Malaysia,MYS,2019,0.94
Malaysia,MYS,2020,1.17
Malaysia,MYS,2021,1.5
Maldives,MDV,2014,0.01
Maldives,MDV,2015,0.01
Maldives,MDV,2016,0.01
Maldives,MDV,2017,0.02
Maldives,MDV,2018,0.03
Maldives,MDV,2019,0.03
Maldives,MDV,2020,0.04
Maldives,MDV,2021,0.05
Mali,MLI,2010,0.01
Mali,MLI,2011,0.02
Mali,MLI,2012,0.03
Mali,MLI,2013,0.03
Mali,MLI,2014,0.03
Mali,MLI,2015,0.03
Mali,MLI,2016,0.03
Mali,MLI,2017,0.03
Mali,MLI,2018,0.03
Mali,MLI,2019,0.03
Mali,MLI,2020,0.03
Mali,MLI,2021,0.03
Malta,MLT,2012,0.02
Malta,MLT,2013,0.03
Malta,MLT,2014,0.07
Malta,MLT,2015,0.09
Malta,MLT,2016,0.13
Malta,MLT,2017,0.16
Malta,MLT,2018,0.19
Malta,MLT,2019,0.2
Malta,MLT,2020,0.24
Malta,MLT,2021,0.21
Malta,MLT,2022,0.26
Mauritania,MRT,2013,0.03
Mauritania,MRT,2014,0.03
Mauritania,MRT,2015,0.03
Mauritania,MRT,2016,0.06
Mauritania,MRT,2017,0.06
Mauritania,MRT,2018,0.14
Mauritania,MRT,2019,0.14
Mauritania,MRT,2020,0.14
Mauritania,MRT,2021,0.14
Mauritius,MUS,2014,0.03
Mauritius,MUS,2015,0.03
Mauritius,MUS,2016,0.03
Mauritius,MUS,2017,0.04
Mauritius,MUS,2018,0.05
Mauritius,MUS,2019,0.13
Mauritius,MUS,2020,0.15
Mauritius,MUS,2021,0.16
Mexico,MEX,1990,0.001
Mexico,MEX,1991,0.002
Mexico,MEX,1992,0.003
Mexico,MEX,1993,0.004
Mexico,MEX,1994,0.005
Mexico,MEX,1995,0.005
Mexico,MEX,1996,0.006
Mexico,MEX,1997,0.006
Mexico,MEX,1998,0.007
Mexico,MEX,1999,0.007
Mexico,MEX,2000,0.01
Mexico,MEX,2001,0.01
Mexico,MEX,2002,0.01
Mexico,MEX,2003,0.01
Mexico,MEX,2004,0.01
Mexico,MEX,2005,0.01
Mexico,MEX,2006,0.01
Mexico,MEX,2007,0.01
Mexico,MEX,2008,0.01
Mexico,MEX,2009,0.01
Mexico,MEX,2010,0.03
Mexico,MEX,2011,0.04
Mexico,MEX,2012,0.07
Mexico,MEX,2013,0.11
Mexico,MEX,2014,0.22
Mexico,MEX,2015,0.24
Mexico,MEX,2016,0.46
Mexico,MEX,2017,1.07
Mexico,MEX,2018,1.36
Mexico,MEX,2019,6.97
Mexico,MEX,2020,11.24
Mexico,MEX,2021,14.16
Moldova,MDA,2021,0.01
Mongolia,MNG,2008,0.01
Mongolia,MNG,2009,0.01
Mongolia,MNG,2010,0.01
Mongolia,MNG,2011,0.01
Mongolia,MNG,2012,0.01
Mongolia,MNG,2013,0.01
Mongolia,MNG,2014,0.01
Mongolia,MNG,2015,0.01
Mongolia,MNG,2016,0.01
Mongolia,MNG,2017,0.03
Mongolia,MNG,2018,0.06
Mongolia,MNG,2019,0.08
Mongolia,MNG,2020,0.12
Mongolia,MNG,2021,0.14
Morocco,MAR,2012,0.06
Morocco,MAR,2013,0.06
Morocco,MAR,2014,0.06
Morocco,MAR,2015,0.03
Morocco,MAR,2016,0.43
Morocco,MAR,2017,0.44
Morocco,MAR,2018,0.95
Morocco,MAR,2019,1.58
Morocco,MAR,2020,1.52
Morocco,MAR,2021,1.82
Mozambique,MOZ,2020,0.03
Mozambique,MOZ,2021,0.07
Myanmar,MMR,2013,0.01
Myanmar,MMR,2014,0.01
Myanmar,MMR,2015,0.03
Myanmar,MMR,2016,0.05
Myanmar,MMR,2017,0.06
Myanmar,MMR,2018,0.07
Myanmar,MMR,2019,0.09
Myanmar,MMR,2020,0.08
Myanmar,MMR,2021,0.1
Namibia,NAM,2010,0.01
Namibia,NAM,2011,0.01
Namibia,NAM,2012,0.01
Namibia,NAM,2013,0.02
Namibia,NAM,2014,0.03
Namibia,NAM,2015,0.04
Namibia,NAM,2016,0.06
Namibia,NAM,2017,0.1
Namibia,NAM,2018,0.24
Namibia,NAM,2019,0.35
Namibia,NAM,2020,0.37
Namibia,NAM,2021,0.38
Nepal,NPL,2007,0.01
Nepal,NPL,2008,0.01
Nepal,NPL,2009,0.01
Nepal,NPL,2010,0.01
Nepal,NPL,2011,0.01
Nepal,NPL,2012,0.01
Nepal,NPL,2013,0.02
Nepal,NPL,2014,0.02
Nepal,NPL,2015,0.02
Nepal,NPL,2016,0.02
Nepal,NPL,2017,0.08
Nepal,NPL,2018,0.08
Nepal,NPL,2019,0.07
Nepal,NPL,2020,0.1
Nepal,NPL,2021,0.11
Netherlands,NLD,1999,0.01
Netherlands,NLD,2000,0.01
Netherlands,NLD,2001,0.01
Netherlands,NLD,2002,0.02
Netherlands,NLD,2003,0.03
Netherlands,NLD,2004,0.03
Netherlands,NLD,2005,0.04
Netherlands,NLD,2006,0.04
Netherlands,NLD,2007,0.04
Netherlands,NLD,2008,0.04
Netherlands,NLD,2009,0.04
Netherlands,NLD,2010,0.06
Netherlands,NLD,2011,0.1
Netherlands,NLD,2012,0.19
Netherlands,NLD,2013,0.41
Netherlands,NLD,2014,0.73
Netherlands,NLD,2015,1.11
Netherlands,NLD,2016,1.6
Netherlands,NLD,2017,2.2
Netherlands,NLD,2018,3.71
Netherlands,NLD,2019,5.4
Netherlands,NLD,2020,8.57
Netherlands,NLD,2021,11.5
Netherlands,NLD,2022,17.34
New Caledonia,NCL,2015,0.01
New Caledonia,NCL,2016,0.01
New Caledonia,NCL,2017,0.03
New Caledonia,NCL,2018,0.05
New Caledonia,NCL,2019,0.12
New Caledonia,NCL,2020,0.15
New Caledonia,NCL,2021,0.18
New Zealand,NZL,2013,0.01
New Zealand,NZL,2014,0.02
New Zealand,NZL,2015,0.04
New Zealand,NZL,2016,0.06
New Zealand,NZL,2017,0.08
New Zealand,NZL,2018,0.1
New Zealand,NZL,2019,0.13
New Zealand,NZL,2020,0.16
New Zealand,NZL,2021,0.2
Nicaragua,NIC,2012,0.01
Nicaragua,NIC,2017,0.01
Nicaragua,NIC,2018,0.02
Nicaragua,NIC,2019,0.03
Nicaragua,NIC,2020,0.03
Nicaragua,NIC,2021,0.03
Niger,NER,2012,0.01
Niger,NER,2013,0.01
Niger,NER,2014,0.01
Niger,NER,2015,0.01
Niger,NER,2016,0.01
Niger,NER,2017,0.01
Niger,NER,2018,0.05
Niger,NER,2019,0.05
Niger,NER,2020,0.05
Niger,NER,2021,0.05
Nigeria,NGA,2012,0.02
Nigeria,NGA,2013,0.02
Nigeria,NGA,2014,0.02
Nigeria,NGA,2015,0.03
Nigeria,NGA,2016,0.03
Nigeria,NGA,2017,0.03
Nigeria,NGA,2018,0.03
Nigeria,NGA,2019,0.04
Nigeria,NGA,2020,0.04
Nigeria,NGA,2021,0.05
North Korea,PRK,2014,0.01
North Korea,PRK,2015,0.01
North Korea,PRK,2016,0.01
North Korea,PRK,2017,0.01
North Korea,PRK,2018,0.01
North Korea,PRK,2019,0.02
North Korea,PRK,2020,0.02
North Korea,PRK,2021,0.02
North Macedonia,MKD,2013,0.01
North Macedonia,MKD,2014,0.01
North Macedonia,MKD,2015,0.02
North Macedonia,MKD,2016,0.02
North Macedonia,MKD,2017,0.02
North Macedonia,MKD,2018,0.02
North Macedonia,MKD,2019,0.02
North Macedonia,MKD,2020,0.02
North Macedonia,MKD,2021,0.02
Norway,NOR,2019,0.01
Norway,NOR,2020,0.03
Norway,NOR,2021,0.03
Oman,OMN,2017,0.02
Oman,OMN,2018,0.02
Oman,OMN,2019,0.02
Oman,OMN,2020,0.13
Oman,OMN,2021,0.16
Pakistan,PAK,2010,0.01
Pakistan,PAK,2011,0.03
Pakistan,PAK,2012,0.07
Pakistan,PAK,2013,0.14
Pakistan,PAK,2014,0.24
Pakistan,PAK,2015,0.38
Pakistan,PAK,2016,0.68
Pakistan,PAK,2017,0.92
Pakistan,PAK,2018,0.92
Pakistan,PAK,2019,0.93
Pakistan,PAK,2020,1.03
Pakistan,PAK,2021,1.26
Palestine,PSE,2015,0.01
Palestine,PSE,2016,0.04
Palestine,PSE,2017,0.05
Palestine,PSE,2018,0.06
Palestine,PSE,2019,0.12
Palestine,PSE,2020,0.18
Palestine,PSE,2021,0.2
Panama,PAN,2014,0.01
Panama,PAN,2015,0.02
Panama,PAN,2016,0.08
Panama,PAN,2017,0.16
Panama,PAN,2018,0.26
Panama,PAN,2019,0.34
Panama,PAN,2020,0.37
Panama,PAN,2021,0.42
Peru,PER,2012,0.09
Peru,PER,2013,0.24
Peru,PER,2014,0.25
Peru,PER,2015,0.29
Peru,PER,2016,0.31
Peru,PER,2017,0.36
Peru,PER,2018,0.75
Peru,PER,2019,0.78
Peru,PER,2020,0.79
Peru,PER,2021,0.82
Philippines,PHL,2014,0.02
Philippines,PHL,2015,0.14
Philippines,PHL,2016,1.1
Philippines,PHL,2017,1.2
Philippines,PHL,2018,1.25
Philippines,PHL,2019,1.26
Philippines,PHL,2020,1.39
Philippines,PHL,2021,1.5
Poland,POL,2014,0.01
Poland,POL,2015,0.06
Poland,POL,2016,0.12
Poland,POL,2017,0.17
Poland,POL,2018,0.3
Poland,POL,2019,0.71
Poland,POL,2020,1.96
Poland,POL,2021,3.93
Poland,POL,2022,8
Portugal,PRT,1989,0.001010101
Portugal,PRT,2007,0.02
Portugal,PRT,2008,0.04
Portugal,PRT,2009,0.16
Portugal,PRT,2010,0.21
Portugal,PRT,2011,0.28
Portugal,PRT,2012,0.39
Portugal,PRT,2013,0.48
Portugal,PRT,2014,0.63
Portugal,PRT,2015,0.8
Portugal,PRT,2016,0.87
Portugal,PRT,2017,0.99
Portugal,PRT,2018,1.01
Portugal,PRT,2019,1.34
Portugal,PRT,2020,1.72
Portugal,PRT,2021,2.24
Portugal,PRT,2022,3.07
Puerto Rico,PRI,2012,0.02
Puerto Rico,PRI,2013,0.04
Puerto Rico,PRI,2014,0.05
Puerto Rico,PRI,2015,0.09
Puerto Rico,PRI,2016,0.12
Puerto Rico,PRI,2017,0.16
Puerto Rico,PRI,2018,0.08
Puerto Rico,PRI,2019,0.24
Puerto Rico,PRI,2020,0.26
Puerto Rico,PRI,2021,0.27
Qatar,QAT,2014,0.01
Qatar,QAT,2015,0.01
Qatar,QAT,2016,0.01
Qatar,QAT,2017,0.01
Qatar,QAT,2018,0.01
Qatar,QAT,2019,0.01
Qatar,QAT,2020,0.01
Qatar,QAT,2021,0.01
Reunion,REU,2009,0.02
Reunion,REU,2010,0.08
Reunion,REU,2011,0.14
Romania,ROU,2012,0.01
Romania,ROU,2013,0.42
Romania,ROU,2014,1.62
Romania,ROU,2015,1.98
Romania,ROU,2016,1.82
Romania,ROU,2017,1.86
Romania,ROU,2018,1.77
Romania,ROU,2019,1.78
Romania,ROU,2020,1.73
Romania,ROU,2021,1.7
Romania,ROU,2022,1.79
Russia,RUS,2014,0.16
Russia,RUS,2015,0.34
Russia,RUS,2016,0.46
Russia,RUS,2017,0.56
Russia,RUS,2018,0.72
Russia,RUS,2019,1.28
Russia,RUS,2020,2.02
Russia,RUS,2021,2.3
Rwanda,RWA,2014,0.01
Rwanda,RWA,2015,0.02
Rwanda,RWA,2016,0.03
Rwanda,RWA,2017,0.04
Rwanda,RWA,2018,0.05
Rwanda,RWA,2019,0.06
Rwanda,RWA,2020,0.06
Rwanda,RWA,2021,0.06
Samoa,WSM,2015,0.01
Samoa,WSM,2016,0.02
Samoa,WSM,2017,0.02
Samoa,WSM,2018,0.02
Samoa,WSM,2019,0.02
Samoa,WSM,2020,0.02
Samoa,WSM,2021,0.02
Saudi Arabia,SAU,2011,0.01
Saudi Arabia,SAU,2012,0.03
Saudi Arabia,SAU,2013,0.04
Saudi Arabia,SAU,2014,0.05
Saudi Arabia,SAU,2015,0.05
Saudi Arabia,SAU,2016,0.05
Saudi Arabia,SAU,2017,0.07
Saudi Arabia,SAU,2018,0.16
Saudi Arabia,SAU,2019,0.21
Saudi Arabia,SAU,2020,0.21
Saudi Arabia,SAU,2021,0.83
Senegal,SEN,2012,0.01
Senegal,SEN,2013,0.01
Senegal,SEN,2014,0.02
Senegal,SEN,2015,0.02
Senegal,SEN,2016,0.01
Senegal,SEN,2017,0.1
Senegal,SEN,2018,0.23
Senegal,SEN,2019,0.29
Senegal,SEN,2020,0.38
Senegal,SEN,2021,0.47
Serbia,SRB,2014,0.01
Serbia,SRB,2015,0.01
Serbia,SRB,2016,0.01
Serbia,SRB,2017,0.01
Serbia,SRB,2018,0.01
Serbia,SRB,2019,0.01
Serbia,SRB,2020,0.01
Serbia,SRB,2021,0.01
Seychelles,SYC,2019,0.04
Seychelles,SYC,2020,0.06
Seychelles,SYC,2021,0.07
Sierra Leone,SLE,2017,0.01
Sierra Leone,SLE,2018,0.01
Sierra Leone,SLE,2019,0.01
Sierra Leone,SLE,2020,0.01
Sierra Leone,SLE,2021,0.01
Singapore,SGP,2011,0.01
Singapore,SGP,2012,0.01
Singapore,SGP,2013,0.02
Singapore,SGP,2014,0.04
Singapore,SGP,2015,0.07
Singapore,SGP,2016,0.15
Singapore,SGP,2017,0.17
Singapore,SGP,2018,0.24
Singapore,SGP,2019,0.41
Singapore,SGP,2020,0.5
Singapore,SGP,2021,0.67
Slovakia,SVK,2010,0.02
Slovakia,SVK,2011,0.4
Slovakia,SVK,2012,0.42
Slovakia,SVK,2013,0.59
Slovakia,SVK,2014,0.6
Slovakia,SVK,2015,0.51
Slovakia,SVK,2016,0.53
Slovakia,SVK,2017,0.51
Slovakia,SVK,2018,0.58
Slovakia,SVK,2019,0.59
Slovakia,SVK,2020,0.66
Slovakia,SVK,2021,0.67
Slovakia,SVK,2022,0.69
Slovenia,SVN,2010,0.01
Slovenia,SVN,2011,0.07
Slovenia,SVN,2012,0.16
Slovenia,SVN,2013,0.22
Slovenia,SVN,2014,0.26
Slovenia,SVN,2015,0.27
Slovenia,SVN,2016,0.27
Slovenia,SVN,2017,0.28
Slovenia,SVN,2018,0.25
Slovenia,SVN,2019,0.3
Slovenia,SVN,2020,0.37
Slovenia,SVN,2021,0.45
Slovenia,SVN,2022,0.44
Somalia,SOM,2016,0.01
Somalia,SOM,2017,0.01
Somalia,SOM,2018,0.01
Somalia,SOM,2019,0.01
Somalia,SOM,2020,0.02
Somalia,SOM,2021,0.03
South Africa,ZAF,2002,0.02
South Africa,ZAF,2003,0.02
South Africa,ZAF,2004,0.02
South Africa,ZAF,2005,0.02
South Africa,ZAF,2006,0.02
South Africa,ZAF,2007,0.02
South Africa,ZAF,2008,0.02
South Africa,ZAF,2009,0.02
South Africa,ZAF,2010,0.02
South Africa,ZAF,2011,0.02
South Africa,ZAF,2012,0.03
South Africa,ZAF,2013,0.05
South Africa,ZAF,2014,1.08
South Africa,ZAF,2015,2.4
South Africa,ZAF,2016,3.01
South Africa,ZAF,2017,3.94
South Africa,ZAF,2018,4.24
South Africa,ZAF,2019,4.81
South Africa,ZAF,2020,5.03
South Africa,ZAF,2021,6.65
South America,,1998,0.000017
South America,,1999,0.000026
South America,,2000,0.01
South America,,2001,0.01
South America,,2002,0.01
South America,,2003,0.01
South America,,2004,0.01
South America,,2005,0.01
South America,,2006,0.01
South America,,2007,0.01
South America,,2008,0.01
South America,,2009,0.01
South America,,2010,0.01
South America,,2011,0.049999997
South America,,2012,0.11
South America,,2013,0.26999998
South America,,2014,0.79
South America,,2015,1.85
South America,,2016,3.1899998
South America,,2017,5.46
South America,,2018,10.38
South America,,2019,15.35
South America,,2020,21.45
South America,,2021,31.88
South Korea,KOR,1990,0.001
South Korea,KOR,1991,0.001
South Korea,KOR,1992,0.002
South Korea,KOR,1993,0.002
South Korea,KOR,1994,0.002
South Korea,KOR,1995,0.002
South Korea,KOR,1996,0.003
South Korea,KOR,1997,0.003
South Korea,KOR,1998,0.004
South Korea,KOR,1999,0.004572
South Korea,KOR,2001,0.01
South Korea,KOR,2002,0.01
South Korea,KOR,2003,0.01
South Korea,KOR,2004,0.01
South Korea,KOR,2005,0.01
South Korea,KOR,2006,0.03
South Korea,KOR,2007,0.07
South Korea,KOR,2008,0.28
South Korea,KOR,2009,0.57
South Korea,KOR,2010,0.77
South Korea,KOR,2011,0.92
South Korea,KOR,2012,1.1
South Korea,KOR,2013,1.59
South Korea,KOR,2014,2.55
South Korea,KOR,2015,3.88
South Korea,KOR,2016,5.07
South Korea,KOR,2017,7.05
South Korea,KOR,2018,9.21
South Korea,KOR,2019,13
South Korea,KOR,2020,17.97
South Korea,KOR,2021,23.95
South Sudan,SSD,2018,0.01
South Sudan,SSD,2019,0.01
South Sudan,SSD,2020,0.01
South Sudan,SSD,2021,0.01
South and Central America (BP),,1998,0.000017
South and Central America (BP),,1999,0.00012701
South and Central America (BP),,2000,0.002137752
South and Central America (BP),,2001,0.003686489
South and Central America (BP),,2002,0.006018989
South and Central America (BP),,2003,0.008332461
South and Central America (BP),,2004,0.010676187
South and Central America (BP),,2005,0.017902069
South and Central America (BP),,2006,0.008199329
South and Central America (BP),,2007,0.010825127
South and Central America (BP),,2008,0.014856545
South and Central America (BP),,2009,0.02445529
South and Central America (BP),,2010,0.061446644
South and Central America (BP),,2011,0.13130102
South and Central America (BP),,2012,0.3363587
South and Central America (BP),,2013,0.5303269
South and Central America (BP),,2014,1.1055206
South and Central America (BP),,2015,2.8484855
South and Central America (BP),,2016,4.863545
South and Central America (BP),,2017,7.610518
South and Central America (BP),,2018,12.761959
South and Central America (BP),,2019,19.094137
South and Central America (BP),,2020,25.988012
South and Central America (BP),,2021,37.186905
Spain,ESP,1989,0.006060606
Spain,ESP,1990,0.01
Spain,ESP,1991,0.01
Spain,ESP,1992,0.01
Spain,ESP,1993,0.01
Spain,ESP,1994,0.01
Spain,ESP,1995,0.02
Spain,ESP,1996,0.02
Spain,ESP,1997,0.02
Spain,ESP,1998,0.02
Spain,ESP,1999,0.03
Spain,ESP,2000,0.01
Spain,ESP,2001,0.02
Spain,ESP,2002,0.02
Spain,ESP,2003,0.02
Spain,ESP,2004,0.02
Spain,ESP,2005,0.05
Spain,ESP,2006,0.12
Spain,ESP,2007,0.52
Spain,ESP,2008,2.58
Spain,ESP,2009,6.06
Spain,ESP,2010,7.19
Spain,ESP,2011,9.4
Spain,ESP,2012,11.97
Spain,ESP,2013,13.1
Spain,ESP,2014,13.67
Spain,ESP,2015,13.86
Spain,ESP,2016,13.64
Spain,ESP,2017,14.4
Spain,ESP,2018,12.74
Spain,ESP,2019,15.1
Spain,ESP,2020,20.67
Spain,ESP,2021,27.1
Spain,ESP,2022,32.77
Sri Lanka,LKA,2000,0.01
Sri Lanka,LKA,2001,0.01
Sri Lanka,LKA,2002,0.01
Sri Lanka,LKA,2003,0.01
Sri Lanka,LKA,2004,0.01
Sri Lanka,LKA,2005,0.01
Sri Lanka,LKA,2006,0.01
Sri Lanka,LKA,2007,0.02
Sri Lanka,LKA,2008,0.02
Sri Lanka,LKA,2009,0.02
Sri Lanka,LKA,2010,0.02
Sri Lanka,LKA,2011,0.02
Sri Lanka,LKA,2012,0.02
Sri Lanka,LKA,2013,0.02
Sri Lanka,LKA,2014,0.03
Sri Lanka,LKA,2015,0.03
Sri Lanka,LKA,2016,0.05
Sri Lanka,LKA,2017,0.11
Sri Lanka,LKA,2018,0.23
Sri Lanka,LKA,2019,0.36
Sri Lanka,LKA,2020,0.44
Sri Lanka,LKA,2021,0.54
Sudan,SDN,2012,0.01
Sudan,SDN,2013,0.01
Sudan,SDN,2014,0.01
Sudan,SDN,2015,0.01
Sudan,SDN,2016,0.02
Sudan,SDN,2017,0.02
Sudan,SDN,2018,0.02
Sudan,SDN,2019,0.02
Sudan,SDN,2020,0.03
Sudan,SDN,2021,0.03
Suriname,SUR,2015,0.01
Suriname,SUR,2016,0.01
Suriname,SUR,2017,0.01
Suriname,SUR,2018,0.01
Suriname,SUR,2019,0.01
Suriname,SUR,2020,0.01
Suriname,SUR,2021,0.02
Sweden,SWE,2009,0.01
Sweden,SWE,2010,0.01
Sweden,SWE,2011,0.01
Sweden,SWE,2012,0.02
Sweden,SWE,2013,0.04
Sweden,SWE,2014,0.05
Sweden,SWE,2015,0.1
Sweden,SWE,2016,0.14
Sweden,SWE,2017,0.23
Sweden,SWE,2018,0.41
Sweden,SWE,2019,0.68
Sweden,SWE,2020,1.05
Sweden,SWE,2021,1.53
Sweden,SWE,2022,2.34
Switzerland,CHE,1990,0.001
Switzerland,CHE,1991,0.002
Switzerland,CHE,1992,0.003
Switzerland,CHE,1993,0.004
Switzerland,CHE,1994,0.005
Switzerland,CHE,1995,0.006
Switzerland,CHE,1996,0.007
Switzerland,CHE,1997,0.007
Switzerland,CHE,1998,0.008
Switzerland,CHE,1999,0.01
Switzerland,CHE,2000,0.01
Switzerland,CHE,2001,0.01
Switzerland,CHE,2002,0.01
Switzerland,CHE,2003,0.02
Switzerland,CHE,2004,0.02
Switzerland,CHE,2005,0.02
Switzerland,CHE,2006,0.02
Switzerland,CHE,2007,0.03
Switzerland,CHE,2008,0.03
Switzerland,CHE,2009,0.05
Switzerland,CHE,2010,0.09
Switzerland,CHE,2011,0.17
Switzerland,CHE,2012,0.3
Switzerland,CHE,2013,0.5
Switzerland,CHE,2014,0.84
Switzerland,CHE,2015,1.12
Switzerland,CHE,2016,1.33
Switzerland,CHE,2017,1.68
Switzerland,CHE,2018,1.95
Switzerland,CHE,2019,2.18
Switzerland,CHE,2020,2.6
Switzerland,CHE,2021,2.89
Taiwan,TWN,2009,0.01
Taiwan,TWN,2010,0.02
Taiwan,TWN,2011,0.06
Taiwan,TWN,2012,0.16
Taiwan,TWN,2013,0.32
Taiwan,TWN,2014,0.53
Taiwan,TWN,2015,0.85
Taiwan,TWN,2016,1.11
Taiwan,TWN,2017,1.67
Taiwan,TWN,2018,2.71
Taiwan,TWN,2019,4.02
Taiwan,TWN,2020,6.07
Taiwan,TWN,2021,7.97
Tanzania,TZA,2010,0.01
Tanzania,TZA,2011,0.01
Tanzania,TZA,2012,0.01
Tanzania,TZA,2013,0.01
Tanzania,TZA,2014,0.02
Tanzania,TZA,2015,0.02
Tanzania,TZA,2016,0.03
Tanzania,TZA,2017,0.04
Tanzania,TZA,2018,0.05
Tanzania,TZA,2019,0.05
Tanzania,TZA,2020,0.05
Tanzania,TZA,2021,0.06
Thailand,THA,2009,0.01
Thailand,THA,2010,0.02
Thailand,THA,2011,0.09
Thailand,THA,2012,0.5
Thailand,THA,2013,1.26
Thailand,THA,2014,1.93
Thailand,THA,2015,2.38
Thailand,THA,2016,3.38
Thailand,THA,2017,4.54
Thailand,THA,2018,4.54
Thailand,THA,2019,5.15
Thailand,THA,2020,5.03
Thailand,THA,2021,4.29
Togo,TGO,2018,0.01
Togo,TGO,2019,0.01
Togo,TGO,2020,0.01
Togo,TGO,2021,0.02
Tonga,TON,2017,0.01
Tonga,TON,2018,0.01
Tonga,TON,2019,0.01
Tonga,TON,2020,0.01
Tonga,TON,2021,0.01
Trinidad and Tobago,TTO,2015,0.01
Trinidad and Tobago,TTO,2016,0.01
Trinidad and Tobago,TTO,2017,0.01
Trinidad and Tobago,TTO,2018,0.01
Trinidad and Tobago,TTO,2019,0.01
Trinidad and Tobago,TTO,2020,0.01
Trinidad and Tobago,TTO,2021,0.01
Tunisia,TUN,2012,0.01
Tunisia,TUN,2013,0.02
Tunisia,TUN,2014,0.03
Tunisia,TUN,2015,0.06
Tunisia,TUN,2016,0.11
Tunisia,TUN,2017,0.13
Tunisia,TUN,2018,0.17
Tunisia,TUN,2019,0.25
Tunisia,TUN,2020,0.33
Tunisia,TUN,2021,0.41
Turkey,TUR,2014,0.02
Turkey,TUR,2015,0.19
Turkey,TUR,2016,1.04
Turkey,TUR,2017,2.89
Turkey,TUR,2018,7.8
Turkey,TUR,2019,9.25
Turkey,TUR,2020,10.95
Turkey,TUR,2021,12.97
Uganda,UGA,2006,0.01
Uganda,UGA,2007,0.01
Uganda,UGA,2008,0.02
Uganda,UGA,2009,0.02
Uganda,UGA,2010,0.02
Uganda,UGA,2011,0.02
Uganda,UGA,2012,0.03
Uganda,UGA,2013,0.03
Uganda,UGA,2014,0.03
Uganda,UGA,2015,0.03
Uganda,UGA,2016,0.04
Uganda,UGA,2017,0.06
Uganda,UGA,2018,0.07
Uganda,UGA,2019,0.12
Uganda,UGA,2020,0.12
Uganda,UGA,2021,0.15
Ukraine,UKR,2011,0.03
Ukraine,UKR,2012,0.33
Ukraine,UKR,2013,0.57
Ukraine,UKR,2014,0.43
Ukraine,UKR,2015,0.48
Ukraine,UKR,2016,0.49
Ukraine,UKR,2017,0.74
Ukraine,UKR,2018,1.1
Ukraine,UKR,2019,2.93
Ukraine,UKR,2020,5.97
Ukraine,UKR,2021,5.97
United Arab Emirates,ARE,2009,0.01
United Arab Emirates,ARE,2010,0.02
United Arab Emirates,ARE,2011,0.03
United Arab Emirates,ARE,2012,0.02
United Arab Emirates,ARE,2013,0.08
United Arab Emirates,ARE,2014,0.3
United Arab Emirates,ARE,2015,0.3
United Arab Emirates,ARE,2016,0.31
United Arab Emirates,ARE,2017,0.74
United Arab Emirates,ARE,2018,1.31
United Arab Emirates,ARE,2019,3.79
United Arab Emirates,ARE,2020,5.49
United Arab Emirates,ARE,2021,6.69
United Kingdom,GBR,1984,0.001010101
United Kingdom,GBR,1985,0.001010101
United Kingdom,GBR,1986,0.001010101
United Kingdom,GBR,1988,0.001010101
United Kingdom,GBR,2005,0.01
United Kingdom,GBR,2006,0.01
United Kingdom,GBR,2007,0.01
United Kingdom,GBR,2008,0.02
United Kingdom,GBR,2009,0.02
United Kingdom,GBR,2010,0.04
United Kingdom,GBR,2011,0.24
United Kingdom,GBR,2012,1.35
United Kingdom,GBR,2013,2.01
United Kingdom,GBR,2014,4.05
United Kingdom,GBR,2015,7.53
United Kingdom,GBR,2016,10.4
United Kingdom,GBR,2017,11.46
United Kingdom,GBR,2018,12.74
United Kingdom,GBR,2019,12.92
United Kingdom,GBR,2020,13.32
United Kingdom,GBR,2021,12.47
United States,USA,1983,0.003
United States,USA,1984,0.00530101
United States,USA,1985,0.010737374
United States,USA,1986,0.014173737
United States,USA,1987,0.01060303
United States,USA,1988,0.009185859
United States,USA,1989,0.2531323
United States,USA,1990,0.37079495
United States,USA,1991,0.4782529
United States,USA,1992,0.40884447
United States,USA,1993,0.47516188
United States,USA,1994,0.5018728
United States,USA,1995,0.5144716
United States,USA,1996,0.54134125
United States,USA,1997,0.5326957
United States,USA,1998,0.52465934
United States,USA,1999,0.5183421
United States,USA,2000,0.49
United States,USA,2001,0.54
United States,USA,2002,0.55
United States,USA,2003,0.53
United States,USA,2004,0.58
United States,USA,2005,0.55
United States,USA,2006,0.51
United States,USA,2007,0.61
United States,USA,2008,0.86
United States,USA,2009,0.89
United States,USA,2010,1.21
United States,USA,2011,1.82
United States,USA,2012,4.33
United States,USA,2013,9.04
United States,USA,2014,28.92
United States,USA,2015,39.03
United States,USA,2016,54.87
United States,USA,2017,77.28
United States,USA,2018,93.36
United States,USA,2019,106.89
United States,USA,2020,130.72
United States,USA,2021,164.42
United States Virgin Islands,VIR,2014,0.01
United States Virgin Islands,VIR,2015,0.01
United States Virgin Islands,VIR,2016,0.01
United States Virgin Islands,VIR,2017,0.01
United States Virgin Islands,VIR,2018,0.01
United States Virgin Islands,VIR,2019,0.01
United States Virgin Islands,VIR,2020,0.01
United States Virgin Islands,VIR,2021,0.02
Uruguay,URY,2015,0.05
Uruguay,URY,2016,0.15
Uruguay,URY,2017,0.27
Uruguay,URY,2018,0.41
Uruguay,URY,2019,0.42
Uruguay,URY,2020,0.46
Uruguay,URY,2021,0.48
Uzbekistan,UZB,2017,0.01
Uzbekistan,UZB,2018,0.01
Uzbekistan,UZB,2019,0.01
Uzbekistan,UZB,2020,0.01
Uzbekistan,UZB,2021,0.01
Vanuatu,VUT,2018,0.01
Vanuatu,VUT,2019,0.01
Vanuatu,VUT,2020,0.01
Vanuatu,VUT,2021,0.01
Venezuela,VEN,2015,0.01
Venezuela,VEN,2016,0.01
Venezuela,VEN,2017,0.01
Venezuela,VEN,2018,0.01
Venezuela,VEN,2019,0.01
Venezuela,VEN,2020,0.01
Venezuela,VEN,2021,0.01
Vietnam,VNM,2010,0.01
Vietnam,VNM,2011,0.01
Vietnam,VNM,2012,0.01
Vietnam,VNM,2013,0.01
Vietnam,VNM,2014,0.01
Vietnam,VNM,2015,0.01
Vietnam,VNM,2016,0.01
Vietnam,VNM,2017,0.01
Vietnam,VNM,2018,0.1
Vietnam,VNM,2019,5.25
Vietnam,VNM,2020,10.86
Vietnam,VNM,2021,25.77
World,OWID_WRL,1983,0.003
World,OWID_WRL,1984,0.006311111
World,OWID_WRL,1985,0.011747475
World,OWID_WRL,1986,0.015183838
World,OWID_WRL,1987,0.01060303
World,OWID_WRL,1988,0.01019596
World,OWID_WRL,1989,0.26222324
World,OWID_WRL,1990,0.38829494
World,OWID_WRL,1991,0.5052029
World,OWID_WRL,1992,0.4665851
World,OWID_WRL,1993,0.55669755
World,OWID_WRL,1994,0.59701395
World,OWID_WRL,1995,0.6388138
World,OWID_WRL,1996,0.69920796
World,OWID_WRL,1997,0.7495848
World,OWID_WRL,1998,0.811789
World,OWID_WRL,1999,0.9051969
World,OWID_WRL,2000,1.08
World,OWID_WRL,2001,1.35
World,OWID_WRL,2002,1.69
World,OWID_WRL,2003,2.07
World,OWID_WRL,2004,2.71
World,OWID_WRL,2005,3.78
World,OWID_WRL,2006,5.11
World,OWID_WRL,2007,6.92
World,OWID_WRL,2008,11.36
World,OWID_WRL,2009,19.19
World,OWID_WRL,2010,31.05
World,OWID_WRL,2011,61.85
World,OWID_WRL,2012,95.18
World,OWID_WRL,2013,131.42
World,OWID_WRL,2014,196.46
World,OWID_WRL,2015,254.87
World,OWID_WRL,2016,329.15
World,OWID_WRL,2017,444.54
World,OWID_WRL,2018,570.57
World,OWID_WRL,2019,701.19
World,OWID_WRL,2020,852.1
World,OWID_WRL,2021,1040.5
Yemen,YEM,2014,0.01
Yemen,YEM,2015,0.12
Yemen,YEM,2016,0.16
Yemen,YEM,2017,0.19
Yemen,YEM,2018,0.48
Yemen,YEM,2019,0.48
Yemen,YEM,2020,0.49
Yemen,YEM,2021,0.6
Zambia,ZMB,2019,0.12
Zambia,ZMB,2020,0.15
Zambia,ZMB,2021,0.15
Zimbabwe,ZWE,2015,0.01
Zimbabwe,ZWE,2016,0.01
Zimbabwe,ZWE,2017,0.01
Zimbabwe,ZWE,2018,0.02
Zimbabwe,ZWE,2019,0.03
Zimbabwe,ZWE,2020,0.03
Zimbabwe,ZWE,2021,0.04
